-- MySQL dump 10.13  Distrib 8.0.34, for Win64 (x86_64)
--
-- Host: 127.0.0.1    Database: dashboard_db
-- ------------------------------------------------------
-- Server version	8.0.35

/*!40101 SET @OLD_CHARACTER_SET_CLIENT=@@CHARACTER_SET_CLIENT */;
/*!40101 SET @OLD_CHARACTER_SET_RESULTS=@@CHARACTER_SET_RESULTS */;
/*!40101 SET @OLD_COLLATION_CONNECTION=@@COLLATION_CONNECTION */;
/*!50503 SET NAMES utf8 */;
/*!40103 SET @OLD_TIME_ZONE=@@TIME_ZONE */;
/*!40103 SET TIME_ZONE='+00:00' */;
/*!40014 SET @OLD_UNIQUE_CHECKS=@@UNIQUE_CHECKS, UNIQUE_CHECKS=0 */;
/*!40014 SET @OLD_FOREIGN_KEY_CHECKS=@@FOREIGN_KEY_CHECKS, FOREIGN_KEY_CHECKS=0 */;
/*!40101 SET @OLD_SQL_MODE=@@SQL_MODE, SQL_MODE='NO_AUTO_VALUE_ON_ZERO' */;
/*!40111 SET @OLD_SQL_NOTES=@@SQL_NOTES, SQL_NOTES=0 */;

--
-- Table structure for table `admin`
--

DROP TABLE IF EXISTS `admin`;
/*!40101 SET @saved_cs_client     = @@character_set_client */;
/*!50503 SET character_set_client = utf8mb4 */;
CREATE TABLE `admin` (
  `id` int NOT NULL AUTO_INCREMENT,
  `email` varchar(255) DEFAULT NULL,
  `expired_time_email` datetime(6) DEFAULT NULL,
  `firstname` varchar(255) DEFAULT NULL,
  `is_active` bit(1) DEFAULT NULL,
  `is_used_token_email` bit(1) DEFAULT NULL,
  `last_login` datetime(6) DEFAULT NULL,
  `last_logout` datetime(6) DEFAULT NULL,
  `lastname` varchar(255) DEFAULT NULL,
  `password` varchar(255) DEFAULT NULL,
  `token_email` varchar(255) DEFAULT NULL,
  `avatar_url` varchar(255) DEFAULT NULL,
  `imagedata` longblob,
  `is_deactivated` tinyint(1) DEFAULT '0',
  `username` varchar(255) DEFAULT NULL,
  `change_Password_First_Login` tinyint(1) DEFAULT '0',
  PRIMARY KEY (`id`)
) ENGINE=InnoDB AUTO_INCREMENT=23 DEFAULT CHARSET=utf8mb4 COLLATE=utf8mb4_0900_ai_ci;
/*!40101 SET character_set_client = @saved_cs_client */;

--
-- Dumping data for table `admin`
--

LOCK TABLES `admin` WRITE;
/*!40000 ALTER TABLE `admin` DISABLE KEYS */;
INSERT INTO `admin` VALUES (1,'tanafaat.rca.16@gmail.com','2024-04-03 17:35:44.685314','tanafaat',_binary '',_binary '\0','2024-04-10 14:21:39.261068','2024-04-10 14:17:44.164086','abdessamad','$2a$10$AWOgId6XTSow.bLimPqJTOJb5IfjbCuo2yWGcpcGA8P5a4Mj4EpcS','cRnjpgxChi45x8mW5s_aRC8Du1ZHYSfdCEUGrhIhkkHPzpaRJMxQ4AVoWTsbDVx-Uw98UihfjTDjyKjzME6OlA','http://localhost:8080/admin/image/1',_binary 'x\ܺwPS\\>(JQt<RE\EDj(bB\',HA@i*B\t\\0(E:ҋ~{\s\\f\\0d}\{\k]뺮C\kb:q\\y\'\8AVMq\C0\;\'\n{X_N\*j)8QM}hNN\n\~\$\ʊ.R>9g\\VX\!\\PR\Z\aoQө]w\\\W(Ս9Wo6V\Mi\Z4o\ճڵ\U	v\ৗWT\2os#\"\\\ \\T\u\W)\\'-\/.?p\?=3\n\\n,p9.ixJ\.Gf\v	G\~\),Lm1\\ې\+}KEuuލ\#\X\x7k:\Z\\\\\;Y}p\+\n\(OަO\٬\?\1Q۟wp\\mȌs<E\{L+\:\\ ?HĤz\\;B~.@\\\\\\\A[;w*IkZu\.߯\\nx\\Z\\\FO\c\Qe\u?I{+;A\΋ݙ\Y\4kw\\JaG	\~\\\\m׉D\uL?\\\#S۩\\\e+|;?\̠l)PP2\\\\\_E\U֌\H\\ˏ\eq/\\"7U	c\\?\'Ϥ>)\\e^CV\-\\\"\ږoRO#8\\<m4\FbV\MA\?\\}zY2ZH\պmk}ex2~,>c9厚Jx\`\rEgN~\\Qo\\W y$\\h\yH~ܡ5q1(~q\)5+5+%إ\\$.{\'\hțC\\pğ\$)\2C\fUI/ֵ5u7\h\Z\\ZV\\6ѓ0֌\0F\[\f\=\Z\.\]\{\&U\bn0^92s	WW\\\\L\\\r*\"l\\\\U*=j;\\ܡxrD\t\n\UC^gQ\\|IŹMoH6\?\$B<=7R\\͏LC\͂qEe#2\;~\\~|[XZ(\\¨\Z}JX\n\\\\D2\'E|CM$]+o\d>w\^\U\\:\"\c-\gs#D%\\nC9\\\m\\`\]s\;\\\{\DkRTt\˒(()[\\\\qP\Z\V³Y\|H\\g\%,\|\3tnKQڢ\\l[\D)\Z\%s\\b\$c=F¸괫ފoXh\\?/kWn#\S`s~P\d\3¯+\jeĸgҶ\kSй/\\Ϊk]U`aﳥ\\\\'\"Չp\݃\Fw*Fm\\F||ݻOM^\IG\<\=PyU\\KеH:tbGxYH\\2=&\\"St2A\x\\W\#%\Qߚ$E[{߽sF\jM\͘\&\@\\H%YfP\uϫ\Jŝ\KtrԽK\]{\6\G	Q\ߟfἯtzC+l[6z+?\Z=_{Q?Pyп,T{ԁMI\@{\\\\;\|[n\̳\v\_oQO\8sNx\*NL.\ʪ\\\"\~\r݋\\'Bl\X\\a\o\47~^\9*x#&\&z9V]\фva\umB\@\"\7\t\\&}N}d\\`b[\4p?eǥ\k.tv\ \jLKNǖ\nܻ\\Rj~oc\b\RZTd-ʆy3z|(\uG;Ë[zс\_S\_\;\\\D,&\nzJ\$ϻ\Z8\+Q\M\~\\\A\х]Ɣ0%l9R\CD\D8݂/z\\\\<Q{-Tc\5\X5r&,,\|$\Z!S\\a\H@p\\o\\蒵M\d\1\wVgDg	:\j\U\ʾ\\C\\n/\ٌ\j=\n\7R|\r\o\`\\\ص\P\yǿ\\X\Y<C\\'\\>\\5\n۹\;DJ\HD\"\^\o<\\q&^yV(\eai\w[\\RwZ&nʾV./҆Z̞Yl\Z\Lx*W\?5]-Gg\G\C\\\\r-j\\ؚ\>$\IҕXev\\4C5Y\'\h;AP=[\\\\\N6ݞ#	\\-T94\0ܷ\c\\"\u},8\؏\"!\LԵ\E|\$O\\Gso/t |Є\ \R4+j\\=?7\2̷\\>u\rr݃\\7\\ۿī\\N濍P\ͭiY\6HI\\0jڡ]\_\\ZW{\~cPCΈrLmK>J\\0\\>c\055ӡe%szaB=4p\_\q,]ڦ[&\f\wf\9\d\$z1bu\rAM\\\#6\r\XVĨsדV\?\\\p/2ƕ\ú\%*ZbG,I%\\n\V\6\\BmE\;y\XM.p/\\r\\)3*\?:\\\Z;X\rX;HgX}U\"<q@Sͅť6\{O<\\}\k] U\W~R58I\P4̼:ʵ\\EB\\O\ry*i[\\\sn\z\\h.{>}\q9\\{S\GgћYEO9քmpF\P\\\\e\=$\8ց@׳D\~<6Z\4\ZA\\5\\xJ\t\\m\L\"\\wغK\\Lk\0\SRt\\\"\"oJ4!\\uMP(%ee\\'J \ vGUA\KY\wϬkDC3\n̎U@\Ud\ΔLo\\0/k\F\\\g\^M\χ{?\_\l*څ\\v\lKs\rs~/V6\\$[\\"[\;rŉ׽µ\\V:\=+B\j\\'Y*IH\sR\\|E_<Lo,Lg\os;@\]\"\8\~\YEM\3L\\\,l\\r/q4X9`;\$\\Λ\eV#5\\؂ykcHO\r.ͻb\"\pv\\!\A\\0\\\^u-m\cV,lIپ\k+z\\\RQ7RKw\oax\>~j\M8\p#9;͏\rU\+M\\:\\\"\\Z\bτLp=Xõqxϱ\H%3\{bSQF@}X0r\\z%\vtK\ZV\0\\Uz=MO\Pt\8\r$U\`\Zabէ\\I\ʖ\aPո	ܫ\;S:#R2y?\\\ѫ\\\0rec>epf,#\0\\\(v\"g\Tm\5\\\5\0\%\9\i\\2iH\KqR{PKQ+ipV\0j:#@\\ǽozq\\]s\Y)N	O\v\'\\\J:\E,i]ckD-\yyKATCAe7\\0\\"´tUq\\rɬCLEշ<Q2e\Z\\˯6\\D.do>\rNו<cn)ֆwi83\"u;\\xɄ\\r|O\ɧ\'V/Aݖ%\,m\[\D0\\)>x؟Tᰪ\\TY<,U\\D z\̸HH| 4\@\\\n\n\O\\\\"\j\"愞\"u\\{\\ɩ\\k]PB\7\\\B-G\\G	\\U	b\\Ĩ\z\ך-\r|t\\\.\C:\Zv\>;\ļfg;[\9\f{?F-+tQ. \^uW\_ehуE\<+~\\>v\\\SZ\eHSy+;:B,>\D|=`\\,\\A>X\6\\C9Hdz4P=21\r\~C-_M@F\u?2q\\V@MZa\\ndux+sw\\QŢdMDs\\P&Xd>\?m>0\{o,\H\ҹ΃w\:Cwy\"\Z8l[b\>j0\\'mK\\t *\[c\9\Cᾈs)0k\v\w{2|\pӵ\9\'G\\WnE\F\Eql\%\a\Z]\:\Ez۠Ϭcܗ\n\\wbbQކV׺o \\2x.Un*av8C\\\̥bP)\:|+\1ہahJ\-QH,|%\PA{ɧ\_\JN\K\Z\zE\\"W0&\\yK\'\\j\n-1?p\\\#\'D\T\S\k\\\'kc*W(cl`:?Tj`\[rC\.4]~\lT᳗\WG\\Y\KO>l\'eIPSe\'\	,4\]\\L\\\\d\\\>؀tUI:Pk\pы\\/\\nGcS\ƪoe,\\\u\=\=\nEi\0\"\6hba)\S\\dګ\A\\V22@nJ=\VmM\\wۧ\u\1a\]\N8^5|rEodյf{V\\+4<B|SboXJ\\N\fٰ[,\Y2̛swhs\Y-u\"0\\c\e\ヴ\{ϲ\,b$_\\9L\\\t\N/E$\	F22@W$\e-\\n#[\\\\ZEv?4r\:tT\nL\'K4\\TO\|#s0 H\{Z<\ѭ$Vm\\OMAL(F\\Z\\V\"xel\4ɉ\3Ab&:V\^FL?\\n\g[l\05\\6WY\"/!h\\\\\>O᯴.\\N+eW\\Q\\\\j?\nΜ\0\nH\\\\o\_\>;t\\\\ޡZ\\GM}I(.5<\l\Y\\ƪ\J=I\\gƆ%I(\盺)PII9H!\&}Ae\\VTp\[\Wh\b\{\[k8\Qoji\mTa5՗kk\]6Uz=l[\C\M\t\?rƿe\|{gϞ\\\q׀n#\;[\F\bZ\\k\nE\"m\Gm31G9蚜\\Fj\n#f#2\ENv4ɛ%vx\1\\_S.\8ʸ\\ZP\\g?ұZ	(Y%\dW\\Z#ܨ\E\ro~M\\DHf,aIb4ڌM\}b[V$m\;Er:Aݛ6zLTysq> U\\'iA<mOZ\UVO&U|<xF$u\ꡈ\\ \'\\\d\!\ju[\4\UM\OCFgf\\\F\.D\"!]9Om\\\6\K\\<7\B9\\K/N,KtE\Q\\f\\\uGq!\Ḙ6\\͚s,A\FFsȾjLtFF\\p@=\S\0t*ɓ\n[\[y\\\'(\W?\\Z&|S\\eQ\\qeK<|߷IlKz08gV:ib\67բA1RcR\\<S<ʎ\\Yuۉ;5d~۫}\\\\b\\ǔC8\Pbs)}r(<\іܹ\hR[y3b\TxB	\\?\0\S\oᱹ\6\u}\\Z&s«(\X\yϬ\wU\\\M\\a8x\\\[wsI\\n\\\\\ɜB\CC\˖X3f\\	\\{KG\\ZOdBT~7\P:bsT#\\\'qW\a!u\\\\\Y#$R/\\Ӄ:.\]v[@\WVڙ\re͔Z\\{p\+O\9~CLAԎ\M\1)#(\mI[ε/\YW*{ \~rVH8_V`\?~i[v\\v\ߦnRV[\\\M[\yyc9\\n\)\B\\C\\ǼuM-֓\Z \l\\Հz-\\zVpa߫q0ɑT1ZSV\c\g\\S}!̼CqV3D\\Z\hWqL~iR\IȓKʻ{_ۯ%6X\\k67޸u}\`a\\)\=0Q\5C\\:\"-:а\,zBͮ\N\Z\\QռV\rp\m\5\91\+|\b쩯(\;\\=\͈0\\]#af\\\վVOW%\\"#\0]n	\)\\2H;E]?򝓚i=P3\\>{M0=;\U@ߗح\?y4jj\\\9\\E\l7\כ|S\fzaj\\0g`iC=)LLa\;M9E\^E:\Q=]a\0鞣#Е\\']\vѯe U\\Q*}\Z\\(\a\T\\d\Z\\/G҇oݚy$\1K\\̵\6x~7TMu\Dɤy\c_ad׎%\\'}_r5.\7\\jasS\"\n|V\RB\.S(aT\Jh\Đ_Y\ޟ\}\\\\\=[5T\nV6\d\?{|?u \\\\ܻ{|:\\\\n2\Qe	E\ӯ}\%Hob_eDp\=<!\\U\:\\\\Z0\rQ|\\\~\v\r߽\\;\'H\ϥ\Tb/rxi}_U}\0\o+OӋGE(\?>lݹ@_&K\\\\=0V=4\\n=o\\NY\'\Zޟ{\\j9;\fxQ\̮Ŗ=\\̺e\Aqչ;\\iRJ@\;l[E\Zgq\S{I\I!(\r8Lr\EDy*\9hQw\Z\w\O0!>\m\i\\wzsj\W\qg\\'.oD/\\\\8\\jGޠW\6i\'\r:(T}u\\sFzq\EjÈ\\ť7\x\GO=-|5/1q̛0P\<Z\YgeX\Z\W˺W$M6}MX\n,Lde\ӵ\T\VA$;ʛФ\0WQ%\>\?\\oNb\јlb\\y\\Z\\KR.\\r_i\ba\\84A2\\z\a\'^t\\w4\nyH	+4e\\_\[\j\j]hr\bM;\[Ju\\iI\S/4ʧ~\\uyk!]\ .|A\\\؛:%} ܗ\Z\QVi$рf|S@\\\y\\\>\n>\w<\xյ\?\\4*/\9倃#uY.\C\@CN\\)\(q	r?#y\>7ܭV\J0\aWdna\\\4xtc\ܕ`\Ib%b\rf\'\\'H\)ū(\ʑ.\Bˇ\[\y\ʩ=~>vY\\xBs\x\\ٴDRNٴnQ\'Sf7zD\܅_0\A]u,\JvBm?pO\ɪ\\0\,诖\켕\u\\0{h+\\p\R\lt{9a\u\\>TMl]\%5\p\\\\hS8P`.]\\W\ZK\\]qA\i\^\ז\Z4#+Q?\0qK螕Ҫ5S\M߾u\'R\\\k#})L?h\/V#[\Ƴol̸\1\\D.f$\\iz[B]KYf\\\\gXO\\8\}t=\\r9\@ȿe\!p=O\\_͗]\\"!yov\Q\?\ʟꕭ\\Ȯ⬯\\\\X\\*\p\ќ\\Q\Eaʅόu\\\eZ?kDu\BqT~5.\\\\\l2wyBv\nU\;\?Ұ\\3=Lu8D/=1U}prU\\\:gޢcX\\	}\\Y\"=#b\\\'\)w̠h\\)L\v\8c\\2OUN\͖YEM\\w\nCM*i`V{=C.u\FЄuϬ?\iO\\j\H7\j>\M|\z\!\0%l|*B\1g\َmR	\</*\;\]jvXc\|&\\:e\\\\RMbH\rǇ)sgQ\'t\߼\ c:-_\\\\\"\q\c\b\\\+u[I\rcVo]{լ^Tϵ\\)\ZiK\H\,\oWNG\r\r71f\'\vc\\ ZW)\.\,\\狀ƨr?y3[\4;\@>\\f\\na<\\\t4&hy\{\7\\\whQ9{^<]u\VnQ\4}}\/3e\\!\\\!\[\_DK\W/iK}D\Eu\|s3A3{$OѦ\\^&e\\'[\F\{@\\\E\ל\"o2&ӎ.ńH\E\\\&\0h8\\\ɢ\nĒ\҇\ZZ]\3b\+\\1]c\\m\[\\YVs_a\\F\<{.\\ݰWT9BzP\p#T\z\){eƒv\8\;NbKqg\Z\EVo\\1Z\\v\pf엷cdg.>\/?zC=\j\MJ44[\S\\ڟ]\uD@eH\\\X\rT\n*\νgF?y\n0Xݟ\b\d\Qi\4\\>V\n\h(\\\|h\\rְ$\:\WM2>Q;ΔKJf+`p\z\\I\'_z0gfY[\\\.\[ޭB\7FW\\%_\~\\V\\dcs}\k.\l\$\\5\u\'<JD_\\#\55˭\ne7:\\\v\)\'?8\\:\\/\,|p\ܾ\'m:\\-\	q/ҩ<r;llN|G\\\\m\\>ޛě$X\y#e0+ƾ\\\\3|aw<7_}J\\\rv\G43\N\x_OzQ\~\6J\"Ԧ.ب\\\Z>܇:dE$\Z\\0Y<v\v\*\vʇV\A5\0\rM[)\Ewl.T(Ƚ\o[&R\~c\\^=r\H\Mrq\wZEAu\2>Mc\neSʱ\g\bXV\̛M|z@\56f%>u}A@jA	\x\\	3t8_\$	(3\A\\l2{\\3\IX.1WЯ\\K\v~lmr<\\||\"yWU>]6\rC!PdN\"S]KAIn|V^e\yw\A]6Dk\4cM\Ϭ0ȗo^\\r>$Bt*j\,\>\۟m\si\r\k]\0 9\;;:$\\\\	Zoe\\\F\d<rr/\e}æs\|\\r\ϯ\?\Z\\,\9\.\r:ɆL\\H6+MLw\+\~\fy.ݹ3/\2=aH\7\	<\Dx\lܓ:\Yȯ\\Xd\}	>M\Q\G{\Qkw\j\\Z\Ri\D=:0]\ʞ\Z	3\\&찅}	\ҏC#\Tm-,)襠r~V\\d3\nv\\^I\A\\ \r\\@;<0V0`f\\\mktF\;O\"4\o\0\%˩\\HC7+Kɭ\\ZF\\'\B\r˼h;\($G\ p\	mE#%>\\\\ю\n.7\1\9Aj\܇\\\rVz\r9Uf0\r\'\\j\6\\rImx2_|޳\"{\\%x\\\+E\\\\rbx\$ďѼ\Z\X\Z:W[J\G`,KF-\dFb>L_\\3		3|\"\\I3\\;!Tw\\؂\GEKt\veCla8C\\)\0\To\&\%	\|]\Za<RvaM\	F\[E課 E\F\\\. F\HQE|ԓ\n,\6I4i\)Ai\cj dlUT_9>ت=OjHj\&+\XP<Hy>l\wr\4˄\\-\҆ޤᶝ\S\;yc\pM!\x		+ǘ*\?\\Sp9\VR)18\˰J$\:V)\%\%~:\D\'ge4r}v\1\Q\ItxV\-Q)\̨\\_\<F!JR{1p\\\0!<\0j9\rD)Ѵ\^@1p\'jz>ކp\R\o\k\dy[YM:&:tKgjX\\a\\X\Uj#\'Yν|g\C9\@(I\ɑ\r\Z).Ue\N\<\|WW^C\01/~9\Xex1Q=\\ZKћoT-\\\d+\5\<A0#\ \Q\Vd+L}7\Wt\\=bȱG`\36̟\ZY\Q\M\Zj\n1 \V@\1PjdC\Jq\k89X p4\\\0hz]120\"a\\l\'Qv\rP\O \\~ɷ\)2r\\\ZOk3x/9̈D4T/6\\=1nv2@\\"GCk\r\\\a\Sa\Ô__PAZU\0\\04\\0\'\\\\'\=>Fީ0\B\J	5)\\\v\Zb\\\	]w\nt\\S}wvb}\VNm)Ov\^\`4\\P\4\l\|Y\Z V_QZ]RM\3EBW\yπ\8\<\?N6b\`5`;\6?\\\0G\\\0.#Eg\0Q,\0\Ȅ\d+\\\!))\\!O\n\n\ݮ0N\\qo\VizD6Le!m`\ïU\+C\<\\j\TYqz`c;}l \Wh6H7]\\%ڀ$\n\HС\n54\ZՎ4]c_ԐH֍a܎l2\wҀ.yJ,ڧRC!(\L\)!~A\r]+GM@c\\Q-7:T\:*,\\,WD<\02Oy8\>\ȏJ\[0\\Wظ]\WG/2|X%zke\cT\vRⲣ\o\/͆xc\-km\WGq0Kj5K\פ\^\\0\.\}m)y^\8\\nw9Ȭk\ǝA\	\nWNc#5\]\A\2jOj\Uo聫\\\=e\\nPSU!\K	`\b*dL\AĬ^j;c\$͚F\g%\\0\t\\0Д\\@\n\a	N\m `\\TGs0\A;\\ɨ\ڻ|\4G(m\x.iɾi)`E\8$f\uY\"S(}\~\bƕK6[\d\J;$\CyHprQt|\Eܙ\R6\TlC\/\\t1Uά_y)F JF <(R\:4\$?|\\Y5\~\S\Q^ι\\Z\\0nozOA\Y\\ū_\\69W\K]<\	[H^{&\.ȯK+h\\%\\Zn0\G\n-R4\*\\'\v|+\mtξ@\`\h:^}ѠFb}} \ROg\~\W\i\ (\r\y5A\Zy-q7\:\j\=b0\+}r0-/z`RS\xC\\\\\J~l\0% 7\n\wL3 N&+\\<!\@hDM	\{\'j	\W\Ll̜\\}\\\\S#xq\\u{;\\\\}\&It y0[\\\8/CLg4.Ix	)_gtۨ΂@%_n=Yl72W%\>\0\\n\B\\Z@u~tvPK\\k\\hkz*\\\H%\ +ߖS	`AL!W\8N/\b\1Hh$jMԥm\n&jt@\	E\\\\^ؾL\\~\\X%1\n[\\\^=D\rf,\(&\\P ?Y:үOMRK\H,\Ⰿ j\׷ִ\A&%V \I~Y(6;f*U#\0\ZUulҖ\\\(:\;uF\Tn]3\\"6<@G\Z\npW\"w	Jcc9@\&\h\0Ln\0j>l\ZGY/a|\<\\\\l^?iY*\\3|W;]\\Bagjz?j\\\!``HK>q\>\etf\W\\\4;7ȼ\8KnJ\"$]\1c) \88V\0\\G\\\'\%\nhK&\X\<\f\\p\r$j\K\m9.>\\}_\zS\c;\"\\\J>3U{5\Y0U\0MO\n`\\0\A\K\U\gRA;\I\n#70c\	0@f\άB0ŸD86\W\ľĎP\\\\Uo]$f>\Ì\@4\%wkL}]#\8N\Q7\Sa`\\>-\\\B*\t<b-$B\8q\\x\\{W0\z\ZJ\\1.j8Mh7\^becıekV<\cd\0\\@Y@Y\1.g\K\0\\S&\Q\\t	J\q\\y/ۏ֢Ny6:\\0C 20 2J|@\V0\]chv~\P\&kƿ\\Z@\6\Aꉫڪԡ\n6X\n\\\ru>-\ y \\J9\\rK@\$\B\L:RE4rq\\2FF	9mH\0&@yr\r\0>\a:@j\S\\\\\\"O\+x.\`a|\\r\V=!0w۵)LJ\'?\\Q(\\e\h\Š\4dj8ce\\0\fX\I\bAqJ\s=\\u\\\\HY\˕\@\$\\M|QJe3 \*xBA%ձ>\\\G-\\">\	Rۆ\1E\n\-b\15C7dk{ڷVR?wao\r\\\"5\\	\Zunn	Cǅ?SKn!\`g܊@&^\r S\W_\K\0@=heR\";V\r2\[\h\rU\$y\0\=\'\\q?g(-`\\F_uj\\tq\U9$8wP\m%U^\0*A\\ q~\\\)\1I5K\il\[3Qy\0fI/uZ	W*\IF١ц<ۿ\]%\AZa`\\,N㦠\w^\vX(\\ZGl=\\n\9;F\쐈\-C.ܩQ\\E:\#CjJXu\\N\\Jȋ<\;Jc也lkR}5\"	<e?t{U\r\s~EX\=:k_\`\P\$|:\\@\	%.\\\'N_I\\NЧ3cKWe(c+N\'^ml\\?,fP3zg`Q:l6\n\'#]a4! ;>nC>]30ЃLS\K^\o㴋\\\+\'\\0.	\:pNy0Oc#\r2v6v_\KOaNkbRdp\'\C\ӘZA\6\\*n<~\x!@2\{\c\/\ʵ\;\\U\\9w:.\\QyP\1rq5٪>SS@\4wGM\0ҮE\)<a)q3xvJ2\"W\Z(\\p2}}\\\\R2H<^!eZ^XZ6\\\}Tx+9r W4;CS<\G\7O[%Kcܺ\`!5d!5J_\T+w\\C\'k\"\yP^]\\\\BaEƇL\Z@S\\&\$tVfz9\\\+oV\2)\\a/\ܦPѷi2m\žG`EsH81T\,\\տrAx ]F_^\n\2V\nP\"\Z\'\\4磄c>r!5\09=\Exmx\\F}\(ϣ\08Zt\7-2b>{\Ze#A=A	ֻq˞+[IYq`b`\L\\\\i%W\\0}]/a\aR\\"x\LJ,e*\\\\)\*n)(吸Ж}h\L\A1g,\1N|\\\خr$E^_\[lrT3]f\;.c\gjBP\\08 GK߉;[* *\\\rveS	(\LXcjp\n~nTzP2\t\0<R\\*~vuaY +\\\\r3GbtH@6CSWL@.m(]H pS\ct81\Z\ؗ\׆~Pkup\\\\rؿ\\\{\\\r\F߉\\r\ˍC#\6O\@\ɕ\8$WU;mV9]\y4\6}3T6\$\߂\\\09\9\c9\\dAKrօ\(\\U\9c;\"+.D]\\F8ɱ<\=\E4}X\\ l\8\\0RE\+\Q\0\ՔͱrA`\\U\E\0Q\8b\~Z\\\_ Jw\\z4\4Ѐpgi\d?\Z\\0}2XLn\"\\bYJ<\yB[qy5\\\B=\~[ղ>\cKx\\\|`W-@\k\q\v)h[W\0T\ZT=\aiNȼ,q\5v\ɂVE\Z\Zd\#\b\\Z\<kh\\6n\7OJ;:h\ˡ\r\\>x/R\f :\n]5\\ZZOJ\_\D\QyPKTa\$,\,ψ\O\/$\Zbyj\\0is\	JH-&$V]r-p}@\\),Z`MLR\L2y\,\\\()ltZnDȫ\mFe.\BAASh5\*\j\0ODTk\һ\n?\\\rAo&\V\C\\QJ*1NZA3 uT\kfTG]W\\)\\	\PI^7\\r\\Dk0\O\'\\Ӟ޾\E\ Ԣ\P\q4{so^cDKA}\%qLUeAM\-3u8*g)\\k\\N{F\4g3yJ6<ށ.\\vX`^A;y&_\*\|D\\D\C@R\:%\&kV\Z$as(}#k\\{\0\0c@o	\ZNkduVರ\> 8|\0T\\Ğ\nk^ c/;%Uwed-=\rɲB1\M\i2@ݭT CNw+ǽ~O\0A\5qUU\> \r@\\c`ƱW\\p@Cjf\\L\]h8\,h6\r\n@qo\nտ8g\ h߮&\\H\\\\1\%\\\\^\\"㿗ˋ{\QHVk^<f\pMd\\1+~;+\<({=\\J\\0{\Y@6lgF,8o\r!t5\˃\vgV$\35}\ҳ\0>a搰?\e@ߺoM|,N\\\P(\\\v\C\X.{\\'f>\%e\nǿƃ\\^6\\'\m]+:\M犲wW\	ՉX\_\0~\\mu\\	!HؖƸ\Zw\,)\>B4\۱Tx<ϣڟ=՗kki\f#Jהe)\vJ_\\\!]R\\F+tcp\X9	\\@rF]{?GW\\EO3\%a>e&E\0ZDi\n:})\ģ\0#ȶ?_\'g\'\1\"P	Nk1ǯCh\D\\#}\\,\\ #\߷ñv}5x	&y\\Y\Tpad\\|w\OO	\d?gɼo@JTV\r\W^.\\6*\\\Z/=+\>A\Z{qINp\n\r5\v\7[z7w>H.9֓\P>sjTn=\$\\\ؔ\ aE\K8\\3ٛmby#2Rcq$/\\u_	W*/\\"$EOD]-\'+\-b\uޯ!\Nt+|\5b\\\̈\[Z\jw[ǉ\+\k-/\\\pU{W]I=A,pPP6\\\&^\E@\T	)\m\\3E습u4\;6\nxњmqZ=:ןGǉ\q\z5H_\ō\\2\r\\F\\\] IwMQ\ǅ#1Z֨3D 7\8\t_-Eg/	Gp*5}a\|\Zs\Ik\\\\'=\kNüαkRh\j1\\sF:3\堓Z<>rqP~MXG\Ve\'\q\i\-n~RGj1?HAD\\ۍ&\\rJ>\\]/\p]SeZ3R,ܪ1N \\=Qs<fKyZRԗ\*y\G\'w\"E\~\~g\#\\\$l\"c՝\(R\g68Τˁ3Am%\S`7X\{\\\;#\/>xTqZ@\\\\rZe5\uS8\\\\\Չ)\sLM\e7\h4AP/H/\0U\`z-|\	\\rח/\*֗̒tZt+d\ћ0\8vLV/+YۭWo%(gj59\GCNuvi#\KR3iő\[\\\\3n\3eOs\K\\+UޚDo\*T3S \)\F\BP_\\JJ\&~(ܓb;\\T[\\$mg:\\M\%\v<\z렶۷\^\\CqC-R)Niqw		\E[\\Wpw,B\{f~g\{\L쬽\zWu22R0韊\k5Q\\\s4sW\@i\0 Lc9d\vC2twHCw\٥$L=#\\6?\_})S\C\TM&\?M\\0wIʹ4~z\I5\ڪ\&p\8gaX\h\8VSA\k\\\]7pXm\6\\\f/oK0^3fVvv\A\0^PH\'&ǜ\\\\{\j5]pG\\tDX\\ط!\\KT_i@x@-cB?MxH\`\ԁ\"GLM\Q\r\\FƮ\\kL\8\B\⍰#vyQ~˷K{\L[\nA\*\qջv\n\Ȅi,{gK\0\\t\\zB^T\'}F~\Z=\\\ڕ\\R;p*\c+\M<o\٨;Wi><)I\Bd\ZpKtRnL\0\όRn샷ǩ՞\.aS\b\\:YLIz8<!o`\D\\/\':CZ؝oUT;q\Z{Zt}Uj\H8$Dkg0\6s\e\\mJ\\\\\jC\x\_\Y\C؆>MçX1\\\CA\\\0\5\2	Cl\|\oSs!H \@\tEo#\q\\\pNᱚ\S&\ꭱ;\3fwA%%i4\C*hJw/K[~\\!I\.\\\AՎ\!\\䒴dʷ`>mRiFs\Orܞ@\ar\V\$r\"eȅ\\7*0h\U\G\\a\\ĝdu\m?\<\'Q	\\H2\\/J[l\\\\۱H\8\~Ú\\gxvF\W\ZAUF9\"k\l\\\*^zS\\X\\0Ȣq8\cK6\MIfz59\".\Z8L\\kp\\~^Y\d,s\($3M{_\Z!7,\%0\GLzn\NVO^>c\JS\"Gx(25H՛\Ն[L\y>\.΀U>_\\\Y\?lh\\\\[QKT\\"\h8lFǮBN[\r\s,bV\ΉOK[=qNv>\BX\=]\[\\0\\'1t\\R\kM\L\A\'\2\d\;\z\KՍ\\52X[4Qr\:}iF\\-\\\Z\\9(\R\=聨ݰ\cͯ<uremvFs.~\~ŷ\DYy\4s`\6т\F><ND@v\'\La7\\\+\@foʹ~c۩RmF\#f\\\ǩ\/\ƷXs!\I\e\\\?>BlAA\n\r>J\"(|V!\UQbi\|bNM Z\ŃU\\_\"\9\"\/#\B\Xy:\a\X\0{$4Ol\Ys\\r)zG>ZJnř-oKݟ\Iv o\0!v3U\\RK\KqfMns\B\\\Vbs.i^f\؅RB1F[MHA.\O)\\]!a>{\'qB&k<\*k\78o~S\:\Aw\\'Er2\La+{\ICJd\\\\ZeڒYK?\_+Eg-RA	\2Mɝ)\ri@Xt<:\\X\\"{9\<NU\}\I:)F\Z<B\rH\)r\\%\\lQ\͉\\Aˊ\\\O\\\\n\)y\A|]\u~0\ID74\\j$i9\*\aӴj>̑\\\Eۅ\FW\D֟\\r\\Q\Zf7?\hsz\~\-y[J*\\(R7\HG\?@2\\\읲P.ڔ\n\Ӏ\7LiH	Y7\\'!}\{\./\<\-Ol50{\FR.n\\?3HF2\\q\bW\\rED(u^dKC\\V\!\|\Df~\NT|FL\|1JQ\\+R\q늅\\=\\\* Myj{\S4rL=\\ɰR\\\\\	iX\nÍw\Uk\+3\DcO@z-Hb溷:Fv\\jn\r`Lk%~\OȠpJ?\fP\\xH&L\fPvAV\mGdm+:\Ds%bqwԖl3tPOA\\ރ\1`\\_Qi\+Da\\{n\3ICD\ډW\\\r\¡\N\Z_QugVL\\\wҿbP\X`\֭\qc1\c}=Ǳ\_\n͸#<E\'\U<Ys\tsGoY\=	\d\\pƭLտp\\\\J\yئNJu\{\\&cQx\nU>~x#\n9\:1ˑnc\M|\Piu,\"w\\娱ej\\\R\\~\\\p|\cno&\\,۹E\ާ\)e;\\\{g4\e\\\\Yly\2@pٍ\V\r=JQ_nhr䨾={w\\\9]:\C\&k >\}g\=nDd\0\=lL\'\'%~\0+\e\\J\hs\\5xq8ҷr={-Z^eCO,\\\\\״\tڕ\~_.$\\-Ga\\-ǃ\\Z>K\Bo\!~gZ#XNb\\0\?rz8Bp&Ƃ<%.\~\WAb-LIܴ#l\\\\}pm(3g\\\r\a\]xcDnbצd\\d٫$g\񏇲U\c/\|\$Bޫg\8^k,\\ NS}F=\.o0k\h6AFƥ΂\\n>L2\+Z9Q*0\\G\\nmf!,$\\\qc7yA\\\-\{1\ź\,H\ώr6,\8냆\g6Ҕýu\h\lVx\_\\yT\q\-g\M0E}5^dEٔ̡\&K5]K\Zgzpw\0Í\\0{mE\\K\EA,Ԍx\7b{8ϣ\Z\0\\ \:RjI4q޿H	9\}UlyP1_\Nv\\`\ng\ڠ1C\\\'C~\ǋ]\K\r޺K\(u\^\K$Ѣk\L\\o+]WrH3v\\OB\8Z\`\`@6b\\QA\Zq\ɾ\h\n^\\	QZburTm\GUܩ`e e\[BH\5\	YAB\)x.:Z@y\\\\1]fKk\r\Z\hߠ\oAȄ9OX\4}<On\yd[P-Ilv3W-:<\1\/	(]+v~蘥\%VgA#\\\\>*F\\%w\1EZ\5fv\<$\\aC)\Z\n_i36iB8R\:A,\=]qG\5R`ٞ\\\?b#x9_\UT \]dk\ڰX\Qi{\F\\he\\\WnI\b|O:8\\sBGV\ؓXo		\\J^N\\\\,*JF\*Ը;\\\1:8\V\\\+%\\,x]\YjPHd\bw\\|J[%VQ`X^\\o+ac}\|?A)fV\ZQ\hg̊4\'H`\c(\B5_)a$(\P\о\r\\^4-7+\ö]\r\T\\j\9ٞ\(dv,\;`Ug]&C\#l{b\\P\jy\\{\6\\w]b\dR\!\..m\mOV]\\\\\0\\S\\\6/\D\\|bG8b1P\n6\<\"\[\|2{w2|{Hٟ\rx\R\f\\n\\Np\^\b.\<O?wJR\-\\'\\}{}Q\\\jN\Z\%4B6\>\6\'0ӓv\F,\Pz\-(JvV\\f\\\K.7ǋ\ =6=	\r\u!7GMh,nPqoTzp&\\\Q\q\~f\\\$;}{vN_2\\ε\nvJg\h<[D\jn\J\\rfѡ\\ɑ\JѶ{\Dm \m^\FՍ6/z ЌVv\}D\ޛl\o\ЇE-v\:\\}ޢ둏O2ME,\ی}\{M:\r\\\g\j \Q/\\#iͷ\zUD!t]xA5o\\܊O\$@?Im㡱m5~\aH%\ fJ/{\_\bC#m\tuxrҠ\\\\r`@T\N~\\";eڀm\9ò-\Oq\+Á\ZR\o\\j\UOB\O(wD>{|]\\\\&{\`\5\\HO*RKF\5\\wT3:cY\\(\\co\=\r\\š֥uY\Z4ʅI\/NY/t\\1\\>\\\\c\2hS\7\t/离V{hx\\7	\@\\\BÉ\\op.N\ۭ\n^\բ\K\'\<\u!8o\'\\\-\9)r\pүd\ѯݨ\\H\\!ЛF6\#\\FG\\rfBhNF(ٹ\f^K˭J5\Ȳ2|+\贫vxhd~BIȰAx\\\WV\rͶM҈#!\>YT\J8i?\b]p\"\n\\"4xa1nZ\<\\^\4\\t.5{^?}\\ŵ9jk>1V7Nb\\{\$\GyN\kXmK}G\\{Cf \B-\'|@\\ҵ\i\F:J7M\\'B\I\fK]\\\n\\\L\\\\\\x.a\\"+\>`[S\J\e \ߛ^9\cy\ۃT*\t6	\e\2v&A\\-SV(a-<~\I\voi\Z\d\#ۂc\F\\l\nZk\n,/^\u>\e6\\q2A\@\ъQ!5Bm\\mD\"\\E^VV; \/4\\$-j}<ŷ6Ӿ?_fU\uЮ$;\^\\ c ).0jJ\hr\'\T6w^\,s\U\=m\\\V\0<lv\tn\Wg %WzN\,hurs\M8!\\rVNC*Z1S)zJ\Յ˻&UQ9J|S\\y\Wʨ,j\he%	MoA*B\I2Af4\\nra\ele\r\n\=\Pwk7BD팩\\X\)\Mh{S\\\\0^}Ζ\\\\\%1T8]\	M64a4?(u9`\φvwT\ZlHvI\6\\\씰uO#T\\\c|:&^\Z[>/3 gb\\\"\f\\Q\\n\Hb>6}\r\r`\-q֑B_PD&jo+՛\h\5\q3\Gqc}~Vp\(ķ\ܛIDsD֗>ET:\X/\\3H(i\'EЊWJ\k\A{\\*K\8CE٩\{\$5\U(GJ͵ILW08\?ݧA=A1Pp	\- m%OlS]\\L˾L\nM\\'\\>#.r\r\\'\]\!˪4fpM륗=\r:^m\)\8\\"J\n}џGA\*!/fKO\hm$dPP\/z\i\.k\\N\\\CpuOč5\/mG\\\3u\?W\ޢ/->\֨\H\/8Z\6Sve\\fg\\%8\S*\\nr \a\\x\Z6ᅨ\pf_\%UI/]6h!:s\帑\"\{_0=T\fSap\\3\*\0\m\"{\7|~Ʊ\0\n]o\S\"@yI\Z5\\\:\zjǐ\\"[#0\N\ZǦn}uy[g\\r8aT\JpjcF\ɫf\\\rd\||,V\"Lw$9ϩ}լ~\![cjw\$Z\@\"-\oI	Wg;%Bok\+\ٍ\\\XyuOF2\x\(\E\\O^ًmj\?^;<\\\,Wiڕ8m\r,^\\]\NsM^\2PUëVg_ն\E\[e\nc\Mlj<\r{\ŵ-NJ\2\h~I	D!_zK-\H\\\"~/\\gMв\JJq\9a[\n\\^7Q\\yN\\\\}\rD[݅܇h\\y\:޲\,&3N}\(\l@\'\\\n1&\c\5(}\%\\Jh!s\'y1>t\\we0\Ƭ\M\~A\\G\^E[\\8np\\V=\/K	vU\\E߳Y\	\}\n\+\F1!l.hK[\\S\$t\:\"\\"bE!>F^\ܧ~P\!~0\\\T^\{U?^j7.Rl/t<\`\\2\-̦1G\"(ZalI<+\v;\9,Ћ+\k?E6ƌ\nx	Vˌ\$%iu89\\Z\|\!QfzZiNQI\TMΫlAm\@I\\\\.y\(揄:sNST\qҸ\\<P\]Q\\\8\ZN\'\R\<q|O\r{Z`\r\CE*\gx,\\ZcR\\t\Dc^ionqwUwoTS!ek3\r%{V0ߟ\'%~.+A\i_9ao\:WR׷cRd\&\Z9E\_:\C\\xs6gR&AێqSKչe=)]\Ó\Zl6oTZ~\r\Yp@3)\\n|G\%2\"l&\W/\\-Tg\~\ym	\ɴ5̱\"J\28-\\\;\F.>\a#uJbpr\ֻ\J\\ʳsX\z.\ɕR	<\y\ڐ\r#3\׊\\4\\؝\"901\1;\>P\D~pj,V\>Ѭ\UY܌Gs`ހwnC\\h*z\n\&4Є \n\MS!x\g\(kM<@\F(Gø\2f?8\P\\n4ĤхK7\p\\)e)O\r\\\\su\v/>B\ZJOg&q\P˿\\0\璊c+;|QVD\Ⱦ\"Ø\[Y\WzY0cXC,eFDR\\Oܺ\6\\T\+f;rV>\\\"\\'wҋ]2\rޘZR=}C\\EW/1\\r`,Tݝ=rj\I{\'[W<R!2q\{X]\\^\\5\\PY\'\\£##S?\\\Tv޾#\\v\H\W\"\\9\+#+\O;&šZ\KJLβդ\q}c\&NW_z\\\c\\Vㅜ\n\\C\-صѷ\\'{_\\R\\D\^\N.\چ{(\\X$IVNi\;\A\χ\!!u\z#E\$\/%F\nYg%\ƥ\\\Gu,\'@nO.%\F\\f2\s$ENn\\w%;xf\W:%]\\]/\;q^\x#K2i\>o`\'7=\+\Z\\r	ТAڞZE2\Va\.ݍ\ՊBpA\\+F$\l9p`;櫽a\\x|e\\W?+o1\K\'y8_K)|BV\\YY\\vK\0\	V\p\\c\`*m\!.m\*_DRP%\\$s\`$\+%+&jop\\n!(1\Z\~+@\\n&$N\V\'j5?\\$\Q\47Ce#3|\I\*N\U\yU0\\|s\S:@*ozŢtk{sC\r\(\;\\\_.<)\Z\H\n\}22^+gL|O<˩h\\P21]YIw\˔\pwvX*=\v_c%\9\u/NyB\\\dwē\̯\\\'\\\x\g#N\rY\(~m\{T~\'\R1d@]$\Uqˈ||\:ld\"Hkh\tj:\\5/g\D\O\r4\\n-b\0bůړR+\\u=m\\-.f#o\\\J\\]=&ƴ!\FF\#px\n#@CIh/_HcP?\<BT\Թݦ-ϝu|Em\s4(\F\1\JN&	Ը-\j\\O]\xܰ,\\4\\ۘ\ZS\'/SC\zֆ.\ʘotd\Gt,V\fo%\\裶\\\\;۫r\K47uM*6D1!\\=I\,<\W^\Qv}\'/xt\9\\\X\m{16V\\' \:͂w˺!Fjq\ƛ\&\\"J}erHx	O\+\e\9\\p/x\'\rI9LE7\z9H8t\:v{\\cRMQ)\)7*\*иQVåԝǍ\"柲Rh/gI{WKt{\Ƀ\ȁw됬aM\^)>+k\\\:}k\\\\\޸8\̒i\Z\\	]J\\\Z	O\uP)ZרB:YkS\\>\\nZvqA\\wq\E\0E\;\\\ĥ@\'\=\\Ґ|Tc|\ܘeZ\0Z\dr\{y\Z	\\WG?t5B]\\;\\9W\\A\6ebcR9QB7LP{\\"gߺ\nn\\\3X8X!\G{\1<\'cΑ^}V/\"&\r\G15\c\\\G\\KSJJJ\aE\?r\\\1\rf\\Ϛ-=CP\\\*ULt6-\d}f\9Nzc(\rTfʌɶ~\\vy$\<D\r~\=\\\Z#\\\y\8HO\T\M<>9\jECf !	t\\QKSqQcdS?f4\9\\|\f\\d\6\9ׯrwKz!\\#eq\\\(s\\ԝ\\\CGh {2\rsҔ\ɉ%A\\]8\)M\\d*9ӵp\d	H%៧\ږ#Q\\h\\">9X\ox.r?l|3֨\\Bo\r47\V\n\z*f}\x4yX\y_s%y1&dg+JsaY3YL^9;҃q\a*\!\-;{/\]\ϞT\\\:\9\\Z-z:3|d\adW\뼀j\\\r\2\\/\l\Yzi]\n4W4\Ki:\/%v\N\՛if\\\ι]Rrj#oot\\R\;Sې\\\\Tjk#\\q|ï\fmƏOw\DcV5\\\*^T\<Qx&h y\a\\n|K\\qfkn\k\'\\\m\\n]2\3\71Y_rJB,\~7/`^b-\=\Q\V0\1\+[!w\\>\r\{s&iہ\އ\LƓ;\bs\,\\o#\'S\^oZ\bcWXuE\EķߢU\\\z\\rzᒈ710\\ZƇgI[pz1&*7KM(s\{)J\	Vu\ZS\"I[\=\8eŀt0c\\Z?uC\40k;U6T\@QGeF!\"V\y.{	;V\9.O\F!(-r\o\\+SqV죶\\\\X}\\ݒ.}g53\\juN=MS~}y\ri>P\YͿexFu\ɩqq\\[\`\\c\ i؁Pc\^Q\}\Kku3җ>Ԛr\\iڌ@JTa\d8Gƃ/^30|Dh2A\ak\D\\GR\'\\\\̱6^\F\@;\\\"hk\\y\O\}fUU\?\~Il3ao\SX!\njxd_\\Z\k{AM\Z\ZĜYx\(Yl;67A\ρ5<P\#\0v\\OgUC\S\\A~>\7\\"5\l\h4b\G\\\net\V	)\(JL\\[\\t@Z?L<J0%HcVA\+\,I/gWRT\ugTKgB\΁\Yм.Iw|Uw\\{\0n\\Q\j\\\\gϔ؝q\\-278\Y>ϼiSVBy-\QKu\\\=\\MQCBcD\\\ni\\\I\(K\ȇ}w\%c-t\.~Z%\A(TE\;f\nKܥo\F.3\	,W\\Fb\tI\Fy\XpT\\.jGޭT	\tVu&\\b\wYCԘ~\Y*۬\pk1z\\\Z[J\KiΧtE@\\w\\\\r\a/X\*\[\KZ+\\xvL\oK\\rGpc|M	\e\\\C\J29,\p\\dKM\Έ;x\\"\n\x\njSw[\\ߙKkߴ\&\WR>Oೠ:\Z\[\U{4u\a \>\\\vѕ\\_t\U\\l\ZH\ęE\\CR#\\n\Qə\\5\JBQz|T-\ZɴއXPhԻRνw\CEsyb \rGb\Ner\\cxEGJ\'\{DC\@\}\i&p\ȺȾgŷ;HX(\=\D?q<|\ͺ\rW\;p`\\-hc\5Ӱ\\4uL\G\\TMPt(>\n8Р\nl.C:\\Z\n\A\TKs\ZN\[μR|*qF2Pʍ?\^mqR\k\0\w\\\C}\\2\Di!;]F\n\\\\0\	r껼kiP\'`gD	6_7\;\@\\\eA\\f\\R*\Z\HuDߕVb\\\RKzPfq|]ld><}w1Pni\tQ\\<!LRa\\\ݒ}ܕ\[] @Ki Y\ˣa\\#\J&L=l\n.\\\|}3\'.+h\@DN*\:Z<QR?\\͡t\VEaH:T\\8IR\@\9/Vm\	\x{1_NFyn:N5\\A\ⵥ<]d\\S\3p2=\0\{\cpmny$U\4G}M\ip^\ٯr\\"d\^&D\u\߫?ϼbV\Dg9d<\\z\YSP&ϸ\\"KgEY$d\\u/\|\Z8eƓK\3\\pg\_<\Z0ON4HF\ڂ\\r$\ڀS(Q\*WҦ\;lj0\X(\r\ӳ\2\,)܉=[\>yr3)/\nѴ\;\r!\\5\\F1;b\|\R\f\\\<Uw\F\\t˻\nZ7\]\\/\CF*&̧Y\&z͂(T5	k\T7U1\<SC\\Tmƛڅ\t	7\\\:\>\\9K)oKkK\\usV\^/m\\\5v)Ox)X\6\\\Du_\%g#c\d\\W\ld\f\]\m|̱?낛W\x%\y\ovA4ELS\0⩁zN\ß4Z\(J\%\R\1t9t6oL\I	o%\nVxH\?Siz\\P:3s|G0MZ\{g\s\YL\eJ\\3\>\7.T_~%\\rɒ=O(\\\\U\\\/:\gt/\\޽LzΑa,\0XQ\wCxw\4\Ƚf\ot#V.\sgC\Q?\S~\\2O\V[\u\\vF\J\\\ZML| È@X/=\;w냈l\\,	\ޗ\\@\;<{jgƁHz@B@yt\V{OӞ4FDӷ/b荞n\-Y\|34\h\\\8\"ƹڧ.\Z\h\%7F\s6p\\C\Q\,\r\3\ZYN\ɳ\5:.H{?|cm\g?!5y\\{#{ߕx\\bc\y,Q`:\%\P\t1w\xAK\LVr3\D隤:\g!?Vq\\\U\p0 \c\\Cؘ0\\Z<\[\Č!\,Qٚi#óHH\a\a=KJҏ\wP׍D\\I\\\y>e\\"4\!\ky0Y\S#ؕ=NWN\rH\f7\bw\F \E(.\\RO08\9k|\\\`r\"\XmՐUCҢ6ܿP!\\\\8Ur]\u^W\[\8X\X`95\\\/8qS\\<\q(äD\\w\=\\\\\\f/3E?ST˦1t\\Q9x\7\ܧ= \&|%\|\Zvvv\n\ZH߃i\\9:E\n\߲2ǋ-\o4\r꤁\I\\E\\SY3[L\U*XOD\\"\BhIG\Ц[#ow\\L1ك\Ĳ\ڳt\UrM-1\B\\$\D\q:\X\U+`\\w\{- nӣ6ԍ\gԐ	ՄVh\r	W^>k?l}de\i2Pۃ\n\ZX`%=\1	k6\'U\LR\\D9\zH\aV6>Zi$T\k1S/\rtn\'|x4\\kB!\l \'{\\]\,|6~я\]ȟ)\\n\S\Lmmˁ׿\\/-1+\W%m\]{$_\0\{xfG˃?(	S,8O11Xv_*n\Ȗb\\\\Ók&PXN(_NǩA	-&pN@yrapճ\2a\s\cX>R\;TŠ\iBd7ec!]`ٔ6^Je4\0#6N%#y@<\'\X\\%\G^\\0ů|~\x\nwƝ6\rML&εg\`\9\:\0\\Z&Φ/TrhwEL\'Gco\6\]t\\\\\ǉcgdk-\\'\O@,IAN\ǝ\)rЁ\\Mc\@:JJ\\w\\I\%m?\$^Xxa*T\uc\~\.4	40jJe\q:$\n\\2rm5*FK- \nH\\+Q\*Z҅\X2ի\`\\'E\\6mvoY5\\g \ZZs\\\!bfhLoɤ#\\\\\0\"U\&A)0ud*\Y\=|TXGĊB\\;Y<\;*6	nxaXYVϩ=!\Zf\\5\(\@ĺ\h0{\\\.\l\aYOz\1,oc\uU,;Hk\))\\Rnf\q_g\>*9xUL5ut]5\\\D\\\nmQ\7;z0$>D0\n&hqaljT|X-\7ͪOp\"Y% \@WH2zgB4A\3N:\Z>R*\\U1&މǶf\/?\=\\}dos\\\J8\}\7.Cv\\69\Rӫϴ.!	]j5\$9fku΋D{۸\:Z팮\A\,f:%\\Ҹ	MyXT\h\L}F-=N\Z\G4N95V\0`~\ӌO\ٶ\v;i\\\zC\fN>%\<ʐ\rb\\\ro\R\\eM+ \5R\)_\\vL\N]9;/>#\\"\w\\"p\KU\%ÿS_(TrX֦(~>/U@\ޒ4@\nRUbب\\Oң8yH2\n\\\\+&\P\Rغ\쟪u?CYa\^\\~Q*#I	\xijRY\\"\zac\>qo\re/\s	\\r\Ԁ{q\s\A6&su*_Y;,!8%3̩ymǖT\oZ\'ojt7w\\1]\\'&\aoqWW_̧](\\\>]8lcJ\\\Pv}\ٺ\\^.j6\"3\_\\]\\6܆\\:vV sTZ\[\Q\9b*W\\\Q^_\0-\\};}9KMS\b\4		\\(\l(9#BX\c\\0;%}\Sy6v\\^vBǇ,x\\f\\/]\\d..$ÂӦ{lod%,\"aU}V\r\ȡw\\$dTar3W\\\\\\\ \x\P,\2x;\wuj~H\xHO\\0\\nT\ľh֡Bܯ	O|\\8\\z\'w#	Z\P[\T۾Q\\}+u\j\\\Aq\ӳ1%n<\Nw\-W\b\-;\|e\\;jJ\\1,m\D)\)\ \\\X\=1֙\_\\|~$h̍\!\\0\b{K\0m.-=M\<?\֥.۪%\c5\\)m\ry\o +˵d\\F\Z9ݵ\\\*0?\yEl\\8i\l+s\F\ѥm\J\\vQ,0\0I\\"=7Y[\R\\S!?/\tQ|u.\G!\.y7f\\(\\\\n6ocm뷉\fWHkc\m\x\\km\0\\n$\Dt\\\\6{$8]ih\IS[=R<o\\Y	Ѳ\}lNT\.p&X!A!9f\\	\h?,\qX\\Ԫ\	\ŗ`\\a~Ï\w#ل\@ygꮼ\C\O$\Ս\?	V\\#oĲavU\MiTW$\&\q;\\v\;\p\\ӕ\"\"ƢJf\iELch!\~kN\2\ȑ^\v&*Z\@K}\\\M\Kj\\\c:x\'⪱	Ըc#\3$gkH+k\Z\r\\\I{68qjGA^M)\)k\D\뙥ߜ\t2E_LR\\\;M\\Q-pyډ\`\\tbz\\0\\oc0t\n\&*\0֋\\r\\\kL4\L/#臒\Y{^bB!\׏tnOx\h|lx	a\\\p\gjO\1\\{Csxg\BwuC\\Cfe<LKdyjZ\̏r\?v{po4\y;QrӼ cU#3\/#{=ZfxG\Ҡd.T1\Ƙd:\\|3{H__A;\w\9&\xu:\1g\\2\L\@=_\Ĭ}݊\\r*c\\\]ݸ\\T5\J\nS\\،1Ysc#\\\lHq\\kIU\fq\\ؿˎh\#\\"tq\"y\~A\\%3:=4/3\Z`F\hOGOh\_\~&uɵJ娻:fD,L \\\K\nOM:&K4\yJo\>Ӊ(?\h||Il\_ſϴ/?\r22\H\)\\\ez\\]\r!W\\J#&.\\˵q\i\\[7s{Sa߬rE\'`K\F\\!S)\RL3\|ۨ\.tU\/\E:<z\ѿ\yz;\\P\\\Z@cyP蒩w9\0\Ot+\\1<J\Qz$#\^?lWT\5.\\R\nHJC!ݢ\9JH\r \rCw	RtKK\r9ttI\r\5t\O~\}\p\\\\\\sE\/pS\\4yLV\\rҝ2\\\CI\\s\0\تZ}`cڝ\\\(\	\־\\u\\W\7@\<k\v\/XR6\\\K\\\Q2bo4g\\6+\`P}:,43X\eԍ(A\\N.\\\D]6F\A=!2bG$\\	pa$ep{\\R.\\\\-\03]F\\x\\\AѦ7%+\\)\D-+-w\y\ It\>\ñ\Ӗ]\N\m\\CbƧ%sm}\"4% w#n^І;/Jk\\\\\\rZF\[_\rhb}\A\^\J\\'4@\\mKڭ2:2kjoT\\\-\\C\\\\V\B웒\"YOV\\'/`e.l>\s_>j\8\)mEX\0?\8l{YyB穠Ͳ\\\\\\DB<K6s\\\\Hkk2Uph1^\\K_vׂj\0T\gx\(a\ZS+\P(،~7@uǉ<E0GDl\V\Z\'h#֯6K1\HZJa-\M8\\-3߼\˼JbVk\d\s\+8\\r\I5\7wL̿_\\\rOIs\\\olqO˃\U3\\.hV,2G\\KGnج\$\nF	ے;u\Z\\:2{<=\0U\.\iԅ~+\0\*\(\8M7+Jؼˀ\\7A\\lN\\6k\#k\\ȣ\=5`\\"\eq{.v/M\\3;\\'jm M\\"ԵI^K?\8\p~7\9<fcT\\֏0`U\\ƍ)\_{F\ \5+\OgF\\*-^Xh\\\\k#?\h\i\|Q	yrtfYnH2D\[\\Xa\s\\\r\\f+_\#q\\	;3\P\STg\!3m\A-ep<l;b\8>Դ\\ZE\j\Z\ZAR)\\\\r6Sh\\~\X\46\ZUnܤ\wCc\}4/C\r?L	\ \;\n8\\`*\|\dõaBߓR\\K^BmPc[8H\%G31SXغͰd9\"c\\AQu%\00Ut\s$\#\L}i\Z(\0\_92H{w\_͔\th\mV\nI\$>Cɶ$\\0C\Ϸ#bIS\6\\Ț9b\m~S&׭\tQT\k]<sϼ|%ˤw\z̤\n\Y[r.\q3\_M\\)ʸQCig#\<uO\O还Y?oSxpF\~\e7.>HӉDl\bT$̝@\(X_\̈ب\0	\Y2;!V\4\Ᏻv0\g\\L\\$:\S꽚%\T\\,t\ǝ߯g\sx\|\˭z\\\\K\ 8{\<CǼB:\E=\ni\\:_8A<M5e\9;\\\K`\|6\$e\ڗ\jG}\Z\NZ\T%$xK}\5K+`eDCLӓ\kuk\0ouJ\U%\r\ٓU\&\1&\eMO\D\\?<z3\U\0w:@V8n\\?Uөm_}\"\1U^_n\-\@\ڿx$|Vp64%|\0tV\L\"ӕ3\N꠸\\bLS,>h/V\W\J\eS\dqW(79T\:\)ے8Q\NOC0\\\nN\\\'\Z=,ˌA\)\2ü\<\\\'o~\1˥\'5F	\(v\~\\}H\d\UtuZ\ٹ=>.5\\{\?A|\-Ǿ>w\Ch?dCI:v7\VU橣\~۱$uN\bB\IeQ\yW{Mۣ\\\Y\"7\\0L\\7jK\0y\Z$]\W#;\r?@9f\vFA+݊\pM\\oMV˱`Bi)\'N\iwD2ɿ\nqO\2\eꝖf9\kh\^x%H\Z\)\._\\_0\\|<\Vp\m%߮증<\7/?7s\\<\\*\^\ZJݛ}QΔ\nh\Q\R\\\lD\ӠZ\	s\,\R7\a\+f%ᓿ1&/\\\6\0\\XF\O\t\f\Ҙrevצ%lw\\tV\ZB}e,TcPIZjFGs\\`\O>PAC\bbQ\YVgssx\J\t7v\\TXǑk\\<)\Ǔ!y\Hoj#W\\\"\\\l\ZY)!;2@\淗\ơ+\=uO8\\\\W\G\1\\0c\D{y8S_߭\\"L\`%0*\\GoW\Bղ]\O\\:\<,˨T+0\sl˂#,\\\X\:\ˢZ\\\\2#V\q%=^y`\n!ƿCɫB\\\0[Ca|zղ\ 澖V˾O?5>b\Q\&\\Hr \\\\*G\\\6Q\Z\"\"\Br\%}\'fÿXV	g>Tj2\\E\<\׺RL3#Aјe@ɝ\Y>\\\3a\\n\zaIEM\n:5C\n <1\?\p9đȍ\P힏99wd\ ZCﯫ1\)Wn\@O\"Ԩ\9Y$rґH7nE\3\ыC/Vቘ\\Vʑ߽\Jq\C׀^\S>mZ8=:\\L!DL6b\$МR(\dMV5Z\\\w&i)p\\l,5n\\~_)q8W\'O>t4]\ٝ\S\ﯜ\\\[\'E\nlbNS\W|||34߲Q\\"\8{6ߙL%\f\\rY2]\rfb7,\$%\If\x\Z\n؝)\'ɈmR\Z@9\@NC\\\x\G5`ջ΢\4\I2\p\Z;Y\	\\=g7;a_&\\EJj(\= ]9VOF\ڑ\c\ʿy9D\y\\;h@y$\xF\z\8cK{[Mʠ3dr?N{\΃[;\\\ﲃ)^T8U\σq%ɍ)ooN%p2;\J#`>ձ_.~-\'=,\c\R\\́\مuqy`=\Z+\\\ZIrޕ/f\\뵩YQ\n([Z\S7<\&\\{OF\B\o\w\rrt\\/>͇Go?W(\9>Or\"Ss{ܣt#g\zއA.\"RF\lȈ,+=\O\\c/\`5\OV^\/\09W\=w\Z+p!8),\\\cO\J\r\ocvP\c9[׉t\\$s.B\k	ɗn\\'4V\\'RLtI\"P;(ʹx\#\gY\\G\/U\d\Ziԁɯ*HA\\E/\	<A}\K\\yJ-,#v\'ͺ	\ZBe\\vm\n\\ZTB~^\oh\f\'z&].Z\U\{C)\:֙{\"Y\r\*~;\xN\\]X6%\\}iԈ>Q\\ʊu\4+sH`|ND4\-WyJ\\g,\i0M\\h\*\\Z>o\\`>=[\\gi˧\\\\\\KKc+ޝʺ.^@ׯI\#)\\X\`\&OfRG~.T(\\%U{vq!\v\5\\\\\\nV\?DBH<3*-ݏ}\}\g~U&akjZ!\0>5\mB\\\\$П2[\I\H1\YƯ[\\c>\<{幈?Juc\\?dT<g?O\t\\r\\\ieG8=M&/FpMcw?l쯝xObtpk	uy\\cnN\xl|PԾ\O\0\j\M\LD-\"ky\0x:\+\$he\˦zw\,.\aF\)֪\\\3hh09z	N}	\\\׆+\GE\RMZ`\w>\\"\\S&\\\\ \ϤLK\ӀU2V7\n})41kzA\\"P$8	H\3r\a\MHrI\[\k(sH\D\h\\"w0\ܭR\I9fӒ|ɋ	g\\:$u˹b\[E@v\#\˽(|~\F 6\\\1\0L~\fqv\(Z\1IE˓룾&\\\\\{w\MOw\`\\/P\΁S(\nV\\i]h$g\\\s\ݷ&\ixZ~7\0pyﵓh6qdQu?%w\\\GR\Л\Z_}\\/Bܳ{\\	\>䫂wh\E\`x\_[	\WC.hSRG\mQ5W(~zڱ\rm}\\T\)(\,sx.\VJ\.\21	Cι\]^j9t͟\\\<\r|veGYSq^鈠v9\<&{I0\=\[hzDUrb\"l&e[6eeeVJ999?\\'{l:\gdJ|\fm\wm\GK#-\;.`\qZ\\#»\\u\\޶f\Zـ]4\\0\Z\<\\sC\W\ވ\\'ܼ5ӋIQ8\H)\D\\\arh\Ny)U\R9fy\\_t\ѿ7U\JO/\7܂us?:T)M\n[]+\]au,a\\Zsͧ\5/\׊=UJ\tqlSϤ\n\a9u)fcC\\\n4PmtB\J^JJŕVlN\Т-?\Մڊ8\"wy\\%\31XZ#\jh\#^N[w\eaۃ94;\6*\|y\\iEwxӛ>=q\\!\{\zFCH\\!BO</uj0\/YW\:#\w{I9e\hr9\hj!rK_qj\۫D5\:\R\+rU愝q\\8.R\'孁\Y\<\u\Dj\%EˑTVA\OU[\1ǅS.\\##rV\X4\)C+$OՑWy`x\\\@\rC\F:c\F\\-\\Z\ng\\U\\@vi\=cWT+YJ~\\ KY6iI\\j~4~(U\nKkk\A\\O\\l e\gPwgI\S}\nr_e\A>N\ha\c\3\0@\\T\,mRμ\\Zsdh\F\s^Rg/fK\|\\\˯\\}XJ\nU\K\`w\\*M\p&\\0\\Wv\:s8$]$CM,\9D~g\0\J\m4\\n\\\0:\;+!\6M[\s\\U+\6,3\Zۈ\\\,~0׻:h\\!1\\}\e3\\y6\fV:\\\\fE+p9\"9\	$\	A\|!R<u 5iт\1B\Z\L\vٜ+4\J*\}\2\\'ơO6\\0s\ZXRg7\-i%_-OAL\εY=ɼ=T\C;<\ZGOFW!ʭt.\c\L=M1|\߫$\.z\-y\\?2\\\`_\TQ\Èn:V;\T6\Yk\\v\r-\\78\$\'\ؾ4\\;\"\yS؀{\E:GvMw3\8`5dQ\3;YxIxGC\*+Fv\<ey_LS\L0Qv\\гn?D;I\Tdo~\]Liܞ}S\\\ڊ>ҩk#\1a\W˭ݽ\\;\n\D_	T{\%%r^`\Ѩ\\cB7\\\Zm6\ņ4\\,뇭/\|_[Z꼑犱C\4!˵\9J+,\\\\]ψB\J|=>{t\I.@\r\6_\<`bEtN\8\woJ\\\*u.^ݥ\\E\Yias\*\\榫sڭ<H(h\Sz\Z߻7z\\k\\eTAE\\R\<\0H\1\\E\]\<=\|\\WQ\"\Z6oq\oG	1\nE\~YĂ\\i}\ZD\Q8~J\\0@?\'6z.	@5EM\oU#\Ī%\".aEQ\.\Za\if\'ެ\\)\f^[4s9l\ɱ<\\\)\on50\\\/\\_\HͬWvtU\\U\7f\\\Um$ыoK}/`q\.\13w\4tɂ߯z\\\s\\ͦrO\h\ѩ\'\Uj\\\\:q8B02D$<\\'2\U</d\RK\Z|:\\E=\\ED\h8%Y\(Đl\0\\$c52\*O]\\v\xá\\\\Oͩ\v^`*\ϱD\0\&\Lч\(\j|w?a;,\'\\-\se㩉Jz\b\\Td}\\\ZN\.Հ.)(/Sh;v\*5]|f#Fz\%Z\;\.\U\%-X\\\Zo\Q\\c\nNQ՚w6\\c`4};~f-ܚr\Z;OLE#R!\\1U?\IL*\PXX\\X8\K .ތ<\x\\\T\<6F\j\{>9\6\m&H^\\&\3\\0\0\D\\\\-:\.,J\\Kcu?\tS`O /&\M< uW+\wenC\`p&gF)pЌ_x\~x\&zu\'FD!\Ȯ\\xJt?\.\r\_rNJil\&$Ll<\\\AL\\?\hYYȃ;Uz\\tJ2&R\V5_:i}Y1\v,M\C;\\%{+\\+\Uw\EE\\\:\Z\8x\ȗ\\\ċV\z&g/\\f_\s~\Δ\Yoԯl-\\Gf\`a&\\r令\\!\\D-(H	PS\c\g-c)zP(\\\dw\+\$\AQ\d؎YRpZMOOsW\{\િq\Y\ʥ\\@qtx3a\v[ \j\UZ$\\U7zz\\9tcH\W\\2!\0`Pn&\Íu$s}g!FI\rѳ<B	;-\Х%h/)&]14H\݉.M\u=\\>|&`8Kc	Vy\\7C\\\~kv\p>\\,_\\T\\'|ś\\\\ \\\\Ebf\Z\bAr^\C\\\\\)sE\\GcO\\\\>جH&\n \\iL0Z\0&h@N\rq\/\$Z\j\Q,ma\o#\rJX\\9s\y\\w\\\r\VQYG\%qn>M\~\00fc:\?8\̻չ\{U\\\L\\;$K7\ߦ&ց\\iAH5\r#PatPChk\2v:ٶ0a\2Tw\M\IvՆER\\\tWa^\@B\\N0M\q4H5܁j9 \/I\\)V\zFW1uh\0\W^\\rOROxML.u+㓌w_-V\'\0\\.H\·jO]\a\&\ϟ?oa\j\\j=ɕx1A\\t\ZiƓE{B1Ok)%k̞\2@Y#p\<FH\<\\\Z\\\\&\Z-.D\dvk#ãڲ<\cG@i\`\0\\Ece:E7l=\ 9\krk~\\^Ғ\8qLd|щj\n\탰\`{_x!|\63;:KVfMmWD$\\\g3\ZA\9Cm\r\Gs**R|S昋f+\!\\31\M\\\\z%\ZPA\n\\"gs:\=Iwib}A\'ޫ2\Dm%vCǞ	\Qˬ椡];J+Cws\\\:\̃vYI8Ikn0\1&2o<8h\\ȆGd:v=a\oW&\1<2\\"姽i=\\cNj\\NR\%\]\`DIVEB\ґN|ħ\bU\|\x)\%N\\Y\qfuc\rk\:1	K?y>y}U\yI((L-\<6BO\\\\OH\\j(?qY\U\<7\>FL2,Ќ%\q},tZM1r-|2\쬻\\\\Wk\qA?ǔm)G{SNҥu\\^]0W\\ʘ\;l>Is\)S\/\\hgB\\}\\"\\0\y{DǮKT\=\\Z\$i	\\V\>`\\	\\0\:\\\'9ck/1{:\b\l;݄D#\I׺{\ZֈFnksp&O\R\\\>o51ޤͅ\_V\Z\j\&\'\'?\\hce\\\lnmu]%J3I\5r/\x\\r\r_\9_<&\ f\n\a\o\\V:\nJjWC\\Xyx\]x\\P~gsjg^#>\\Yj\\\Pzd\\0	\A\"\nf+\W\m\'\+a!{S\\y\ɦٲÓ\\<\өP.\åZzz\\4N;$k/ʨ\3]%9J ]\=SJn3ƪ\GrUZpK~¥)db\u<I\nJ9\Z#@׸\93\\V\ۯ\ߕB\W\rK\\\^\\'O>\:]K]w\\Vfb^w\'97\\xX\H\C5>$P\@,ߪ9yp?\\x	*\0\"EW\( \!s\H=o\n\Y\%V[X~M[B\'vV]hY\?	7v`N\v̥9$}{\]\0o?B\Z-F\+\R\/\o\izmqM\K\\E\\?\:`N[l#]>~w0\egJ.\\?_;;\0Gw\\\\lxȵa{&qpf\n\\0Q5tÄ́9\nG`hW\Z&pqN\^m4\7̢\}7\\\lchwZo\!1E<hn\\T1:\uչ\]K\\揯%庞\l]𩩇\\n\\\\wX\\\'{K.)\p\\\s\\%<\yE:\\u\'\_2Sprr\}\\\j;G\\5S+bx/\\Z7n\hd\ZrAxX!@Naq\\2\0yK\i/\\ _v[WL\p\m\<KtIN~d \{w\_ns\Zb0l\`F޴?\Fx&\\ke\IP\*?#\Xq)\\\\~?J\z\\g>\u\Aj\釨\:Z.?٫#B\{\Z/\\Q[g\@\'z^++\~&\gih,R<\:N\5m\3mo\\\jAhH\*\Zkvzu\\=z\,GV\\\;\O5\S\\ӽB\c1d\={\\= 3tc\\ԸB ŝ̲c|F1\\nm\-χ\\i\\Rֿ$\\\W}\\6\]\PRv\\35M\΃\Op<$ĩgW\\*5;qd\\V\QMNUw\qwܬ\׆uD}\TT5:@pJ\0n\{dlv\)i$z:Al;н5\rr_(VZ/\\\L\\oY\\r\@i\Θ.^,q\|шb\pH\\\Y;\\;ǐpѫe\\KqB\gC\"?(aT7K\7\\\\nq\M&fCB@f\tt\ns2\/	Bp\6&WY)r\OS.j\Zd얻1@¡\\1\\9o8\%ED+͍vҲaEޓ;aA˥^쏓i7\\]M\¾|\+B}A;EevF\D\;y\\%\]@)즽\5w\>\xJ}\j[ŏ	Y\z\\\4e\||i\O\\\\q\\\\\\de\'1V{^<\\D\\\\~((Tf\\nl\\5\8\[;*~8<U\M\Cv:i\qHC,jK\\ui\\O2gII^,/Ⱦb+Q2	&\;M\nn\ū\{\/ǯJ\sR\C$\q\\4_\;rO\-5+$>{ 0ž\_LF\>gc1BQ\x\ዶ3b\K*_\\\*n0\ꈷ8\a00N?H\\\ \1\[{*z\b\\n\Ye4>q,ˀf=\4\<9&05\D\\T/2;[m:(uf111\\Z1E<\k\\ƍ~\\Z\G\48j\3\qʴ6x/U>\'\'DK\0\'8!_\\\n|u\\gF\o\֚b(\>\"u\Աf}Mk\<~w;\'B\:\/\1듯g\\\}or\e6>du8%<qOur\\}k<6\\c\:x>f\z5GrCE*\\r(	644z3D\$4D\\\\tg\	\'\"7v\\Ϥ+Aђ_:I\fP+f]?5BeXG4LB{}\,~k(Y\\\\Z\<ϐO\'\whF]\'e\Z{Br\#QIf֙\n8{\: 76	l%\%\Py,#\:\FJ\Gn:T\)\\6,:\0pPޠ8\V\kj`\-o__K\մ\nYSKLQa\T\\QfU\\\ܧ\\3\ZJ6V\o86v\\hm\\)^N\\"\<&\0#;=ƶZdl\\\"\inIQ?\cD\|@GOTD\|\\\[\N4:\xtTu-Yсi<-]sS\չ!NuE_Za~ղ_+2\I2(\:\5l\#\=C{hagYFw\\ί$$\<MYk\\3d\[D<\\o_\\bA	H\\Es.3\Qgh\4=1yG܋.)\n\Cv\\\&_\%\}Kҫ\Hۿ7pT;\4\a\d\ϼѸnY\Z;\;Ha\w\'1@:\b%#\R\)tyQ欃\"\\$ʃq*t\\M|kW\\D2\utg#\9=\t8IEKU\\a7.\n-/6o#b|l\F.Re3ԫ?9jmfc\\\cbc\T(\\)Z=St\\\J\>\\\OJK¸\ڏ\b\\ݘf\֏M%\bMWsB\TX韇.\vacDY\'*/<)\l\B&,\Qq\nǟ~}h(J[ɶ\\\W\r;\:|GwW|`0\T\\\gfe\Zx6\\E\rt_F9\bsj>\-X\\q}\\_߶\Sb0ߙ\AT&v\食\r\Ř\\\nQ.L\j\J\jhV\ϗ7\L.\>l=\-M\\\ZcT:1T\i)	\-s2\"vAL\ԏ\&?\(ȋK\\\\&$\h\5\FLC~t?B\\Xkw^X?m`chI\rF\\(+7\\\nA)o\0T\C\\ɢ\V|\G\%ՠŲy/5\n\&q\3\\(jGٍ\w?\Hy\"\\\k\\\O-\b\N\*\-B\\j\rgx\rΞ/]>o|y4s;=\N0\\\\X}˕\;ΆyQ\H	\0\0N\\\\S?C{@d\6mԠ&k\Ƶn2^\\y\\r(`@_O_`0`\a\WBao98\)lTW\\4\"TҘ\ۖ/\# ƪ6|so,l\\\횂6C$ .\\\\)\gVobO\"jڙ\I\\7r\\i^y~\O\3_\"3`M\'\Ey\r9=\Adވs=?\yi\K\LY\g1YBӖ\e\\]\\\&熷c9ws\L\9\pi(L̡\!	\Qr\d	wT}Ε\q)~XeZY\\ӟ4?\'wq\\\\Hy\\	\\rҞ/\¿Ę\\.\\o(\\-twu\\\B2\\\ۢk)kב\Vu6o!wg#((շQ7)`ń\\r\\\\\=\nbۀ\\ŏЬX?\L\\d0~\fyH\\Qs<Vj*@+nD7\r\ye\\\g-9\rATi\v0JZ7*3[\r}\q\00r\\e\k\vsІ)\6\\\q\K\cy@\ń,7=#,\\\Z\%:\#XlgR@z$|X\{\@8큇\	`u\Z\vj\\d\\\>ίd}v\Mq<VE\|b/o>n<\\\I\"Z\i\rܐx\\_Q}d\f\\ns7\\??\	0PVW8\IX%\(\sܱ\m\r7rm4k\\@mX\\L\@\r_w{Րmՠ\Z\\\D\\5Cf\6_ \\I\\ز\\N\Zxv9_\(@ti[\?S\rn;K\\\R\Rډ\HɢY0#\\;g\!?#\	\()C\\ޛ%\\(\g+킦)#g5.J<.\ű\)Z\\\\pw{\\.VZ\V/7\_1W\=\r\ %_晻o>+\Li\'ܹKRX\VB\\\\Q<\Epm\W\\5\D	X6\f\\\>ݝVyE\Bzk\x稟m{2)ȣ\$\{\x\\\\r%\\==\Mĸ\6l\7\F\XVo\\\nF1\-%Ι`]>\Z\N\\W|\Ͳtk\\r1\\KVIj,+\u\#t.^\N\\\F\0%Kؔn\@\\s\\0\\iJ``]\bfH\\+FZ0c\H\\tжl\\ԗP>7nƃ\}*f&\Χ |\r\W\R,5U$F\r˛fD\:q\"7\\\ႁ\\Z|\[~\T\cOxmCܒx=ڊЋX,5H\\0a28\6bg\Ѷ)1\L\\2l[o%V~m/:Ra7݋A1$V\Wp<L\!\\*\5\/ϽW+^ѧ)\[i\Vc\Ҹ\n?\a\H%\>\relK)b\=>q	bn4<\\j}\+\`鴫\r\\%<5ݡ=wdpϲ¦ՁG\c{\\)\O\Z&\ެv\:\~&=]\7M8{\\y\:/19\\:FCW<\\Q\\oJXS\\:\p}|\+\rSǴkx\\w6\\vs\.)<U\~\buw\{=\9\uc(\V\˹\'x_m\\;#z*\[\\G\=\ZN\'	4\\u\܏tz\\؝6Rq\c>/\	\\~\qd\1\\\|ٍW\PF¦\n \4&?\K;L<p+G?Z\}Uͬ?\]ѩn>YC>TLpWˠ\Nge\\'G$\:\ض>%\~\D\T\\\ \BQKI\\\M\=I\\Ք4F\ \Z\Xㅻ\/\\Mj\Z\\o\5FEt\\\?7u֒5\\ap\9\E}\\Z|el\~k{\o\@l{\?d^7(K6f1DGLT\Vn1\Rm\n*c1\n\mbRv˷Ъ6ǅ9\y?\E\N,]\\\k_8\ɾ|1\'\\\%|:\K\y\_\`:B\\_%IOUcx\\VJjA\Q7sZ\(\6?|\\s\Cpuw_i;x5&jBNoms(R\ͩqa\ʢ^W^%\6l\H\A\Ss[jtyQ<\\3#\.\\m\`	\/ֺ\H;\\n1sY\\\-\u\;O+\\g\\\"\0פ\J\\}\6\;w\MT\_aP\?Zܼ\274\ q0݃aq\\\|N?\=u\Z\O=\>\Z\\\G5ڜ?uCwi\\\\Mf\$}\\y\.s\y`\\Z\%\\%X.{\&$`|o,GO\\;)͙}_\\!\z^t4#R;\4Gt.\cV\vz\ZR1Cc\[\}	\\1/ZW{T	&\\\\r\e+[z\\\;\{ a\VHҨ̱OԌ\\r:cOU\hN;`_\\R-u\f\\\i\nGL\F^\ч/8~2\B\"::\<@	-Zg(\\V@[^exDب\0\G%S\\\]\s6\\h\Y\?_^K3ݺ\y^<Ozth JߺE\yg\IR-\eU\\l\(~=3OfE2U\\O99\&=\?\\\(VT{aa\jw觷[\vًv!Ug\-\\n%ZY^hBz\\ZMiJwI7Gҁi90u\%(\v@x)NцtJD\潗wܯ\\\q,\۱\.MJ\0\4ڀqŨ\\"\\h\sݹu\r\\O\rmyAe\ZC\\Fr܉\i,\\Ug\8\\\k\\\ODltI:\Yh\тY\)utn\w;<Z\\~\B#;HZ$\rV\J&\P\\"zzX\&ݤ+\\\/A\4O>\\O\.\y\\\L \']l6Akkb\nƙ/]XͶ\f_Oc\	;\c\5M\\ӱ6<\\ը[{D|s`5	o(Eʧ?,\\VtHT\2b;j\^Q6&8sy/\Wo>\\2yRV&h\\\7Тm\Lm\e\\2\\V}y&@\l\'$iu7v\"LO?7\,)ܫ\]lW\ft.5;Sjޚ\iY\\gv2\"\A\՘4\S.\\\o\ne>8\n\Un$	ɣ\\\5l(Sbj=&vN*z\\\\o\\\`z\Zk\\\cف\D\\GI)\ǲ1Wl\\u:\ZQM҃\n%ǅ\\\Î~\Vl\\=sA\Z)w\\\p_rgz~\n(\<7\tÑ6iH\\H[1h\\\Lu_2\\u2\\C@\\*ZSH1?;>uPXlk!{G\_w=\"v\vH2_\~T\hm/\=Ә\\\3\\+N$2v_\	,?\'\l\w\>k\\;8u[,X\5\Z`\]	w	\\;\%\;\y\mzQk\7[!,n(uD\{bs N/ʏ:\\OV\d\5\\\G\\䵭\tt\3gZ\ZB\Mm;)g8@%5\\\(\\ʃL\ni\h-˺^C#d\\x/F]\P\\\n\\"v׾}a͚qk,eRe\0Ɠ1\\\9-\0\nN7\\\\ZBm\8_\\\}\0W=\\y\0\|\rͲmQ0yy%\cXXGq3\,\5\\Mukh5Elx3n%Q_Xl#\\jL_~o\\\-gG#ΓKͷ}9/i$?\Q{B\'b7\o\5\\l\ruGZ\\eհe.<\$r+\3-X\y#ʢc*X\)w\0\\w\^ ͋\h\I|TZ%+14$ath~sirk?\0\\$\O\w$5eLGt\\	\\(wxW_EUi?lI\{\\H\ǚ\0\ß\p`x\J\B\sP]k?#+kj e)mBJ\rTf?z6$e\1#\\yaLx\GWzی-;m>1\\-GmG\\Eu=\?\y\\\@sDT\W;Y\\\k^yK2\\"\\\(2Z\"EV\9\cXۉ\9*>ȚB\f3HFx\\\'0z!\\Mrc@FI\'\ZUf=59c@ٶ\\v$Qe\\\(\0l~VʣFȡ`O\\\4M\\\k\n&R0\\n~\"\HK\\\'\\)\'\$WԦ&RBi0h\\ \\Б\)\\n+#\5:\nl\\ѨGۺ\Acxł3/YRtkʜxc>ߪY;`o\MDtYe>Ӟ(v*1\ql*\\\.<kfXO3m\տy	 tO\1R\"\\I\r\Zn\k\ٯ2\a5uRbl\̏\ϔ\lX͊\\Obxҿ\\7j]\;*@DdAS\\'\{XL\\$Pn\\+f\\r\j_ٜ*@5\j4(Cln82\^ʨ\\`5kA\Ke\'Y\\\\[\\\"\M/W3\\\ς\\\I[K\[?;r\M\{0|8\E6v4\\\\\'p\\]Ke\\\ʻ\-\0\Zynn\\ݲZf̒t\q쳹s\r\YK	\lV\>N@6G\n~\7!\&c\\n\\\&1\k\u\"K\oVw\c\\w-\䉳֒$\"KZk-7\\\r\JlKs\b\7RU\\\\\?\00\:DB\\n\%\1\`\\;Ϣ3.oeע\r(gS/N\\\n6\	F\΍b{\"\2!z\9L	\\_\\~\\\q\\ׄ\\O7}w[5\;s:\-=@9x\r본\\\\\~u&\ܕ.\0\\+\>Va\P^r\k\K/ɹEF\wZ\g\>+*@[-\AS\)\Q\0\\\\L\3T\\U\\\*\\(X/ډ?\Z\\d\\0:+J\x\\q Qv\\'T\F\?Mt\\\%\W\'j\?\,4ף\\rYV\*Қ\Z7yb{F\\\(Yl}3w\\\=3\K0޽GC\4qR%X	\"\Z./\fxml~\unn\w1}̎\N.N4(PZ>k\"\ǃ\EK\'tZ6kʚ9\Z;t,V-Ύ\w\\\Ygϛ\:VI\T&@)F \,NGyh\`ܩy.>\\\,R \rdL\ #\\dȺhb\\fv6¬Z\0હXK%~v$ʆ\s;B@N\GC:ide\ÄXk+Ў\Y\OthlBs\Q@c\,A!T\"¢Y\*3?$=cTrչg^ &	\5\'\cJOzGݝ\B2\%\Gㄺ$(V]\\m͑yߥEZ\9\_E\\\Z\PU\J,\ZKTղw	\"{Z4O\\\)+>U8\\_\~8qP\:C\\x\\"\g\\\WGߔ,qt\ɞ\Z{8{(Z\\{cF[s\'%\(\\'YB2V\t%t\a\V\'?\n\FГ\51\nk\)M\FH\ƕWE\V\\D^Z\Vc\{v\n$\\'Jp\JnΑɍdC[C/N4=Ϟ\;5F\F\Wc\U@с\G$$y6?{7\"l\P[m7\"wBe\R0\s\͜\'`לf0qՋmd*\{weޢ;`T#\_\\\"\%`6\\z\Ci)8\Wi\AVC\L\Z.|\񔄔\ٙ\V՗TK25l}\WwMg}\s\\mj\\ՃA7WX/x-\__\\Z	G5\#[mn?ŭNo\\\l\\$\\]&*@\A\\'z?P\\R\\\R\L\	\G\rdŔ3S+y&k\xEfFB)\\`Hj\Jk9戈~P\g\0\\ů\Ţ\cyB%\r[ñ3\\FnM\n\nd#\Ɨ>\0\nch5Ƃ\\/UG\\"\Ku\\L\\w	\V[\\LLnY;=b\c,)^R\Ķ	=\- C̍LYb_\'Ɂ\\H+D\B2ų3-J*֛(?)mM\\J+\4G\-\֞8PۦG\HW2+\ҩ!tp\.Iu/\\\;\G,s\Eg\OuMA\-\_Is{N\;GWު\*=8|\C6hZ\7c,\6~KUhȓrKn\\TJ\a	\2\W\\\p/yK<\\\\3\U7ߪʱ^7C\<\0\0O\@Jv,2\M_]\'q4RͲL-!\R5Bm!\\=\lTt(\\v\d.[s\m>oO6V[4I_\n\n\OmzQX@V|7\\HP0>z2˥m\\\\'\(dW[{\Rt\\\\ARnӀ\ܺӰۛ\P\r9D\d\"q;\\wOnԴ8OX\q\Vl1Mtꆭ\n\\\\\o<{x<٥\{9SKlVsm(q\Ǹ\3Y0E\\0A\(B5\%\nZQ9H5\'E4U|\pJ/\\\ZV@;A\A\r\u7\'9$F.\\9\\;GX\XO\s\z!Z]?}ᖭ6MM4\;\?EytI\v\T?yˌe\\nppQ|jٸH\{\}88Rthfv\\	\W<Y8d@\)-L]\V\0$:1!/\drFo0$jl\\GbZhEu\':5\rN\o\bD\\r\Țu\3P|I{y&(\\q\7\\#J\\BL&\jv\\]0\*5Sb\\S\\\.\\\\P鎿TӍEeCZ63~\\\qygi05D\^t\\\\7uE1E2\岖y?BV;=Voo,\<HW;\\\\\.Qc>\'\\5K/s\\O/c=i,*\QXRY9OQ+\ZKhCZR7U~zYBL1#\hnp\\ec-e\Z\"0\;	\\\N#<)-*cg\F4\p\КB\\\((\"de9h)\1祶/RUc^aI>H\f\]:0&4\,\~QFG\.lIcm:x&S\\\ϒzU6\,A.IF\\O\S]C#n\|[K\daR4eH\jmT#\\\:\jB\\\HX8m\WTul7108w\"\Dv\\?s\!\jKW\Z+Z|l\C{\$M\~}\Zn\\\w=jf\tB\At9Mu\TJzK\l-+\,h\\rvTJ\K\ޯ$?\\Z\\;K}2S$WzGh\\\\:\^\N\u\½ ߕ\2ΏY\eٔǀ )\\0Ak\3\\b+N_\#\}A\G\\X\\,<\\J\r\Y\F\\3؛5S<\qA\Xf7,w\/P)$\=\nF\\\\hPA2p#w=܊#M\/\[W-\\@[bJ\'?LH\5^=0\V,[8\p%:\'ﷄhr\N\CQN$Jx\Vr-\s\\\ϒ-\\\\\\&\g?s)f5\'_\d\9a\6H\?\Kxվdi7h\K*({\C7ux-k8+2Ƚ%\E/شr\><&T\\\u[\{߮c͕dd\$\ޓ|\\P\w7\<6F\eC`1ȼwނ@\\_1nƩ\\./H\\"\.\Z͛\\ӄ\'K\ra\\\8r#8t8\]ە=!<Aᘳ?\\0|^ 徧.\,S^H\&\\]t)pz 6^\%Si.\\7\!_\\"t\05Ĕ\Q^\\\0O\nN\\\iCW\\~\Z:kܞA\+\n^IV#\\#Hy{CXKV18N%\\zZk#4µfp@gVX\'!\x\\rv\rUПzC@ͅ\1!/Ng/\%p\\[F\tP\\\L\nB\\\\pBכAw\\XEM\p~ٕq9\\\\Z=SbO7\r;~m	#`=!\Ze\g锶4-\;~kF3\6l+LG:J\KV\n*o\7!=E\r~S:s\9m\m\@~X=;;_3~U\[⽒\BFf|-\15M\\@i\\I\TQjʽeQW\\:Ys]6Odce2\\Z\rk\\>`\DYU:\'g7Hr\'!\\\^Y<戏Z6zk\\ZfіF`\0\'K򣖏w;\4&Ƶ\"9\r\I5?\,\/?\8vr\R3;{\\)Uv~\Z|\>YKs\\枖~hs^KiDϩE\\Ю\%DeAI\t\fB8rxԳ>a\kX\f5\XX\(Y%\jlA4+F\r\?\R\QrSOa\\{\\\&j^\Y\IE\\\5!-YvF]L4ۣ\XuIwoT!P\\މ\ȼfB7mb`\\,%\'\'6JeNn\ZJIv\(mPE⍴\Qfw8-\\,Mvs\\!X\d\\vD&OZy0oOu\।\0!\#\"3$Q&w\)\=[$8wug\\\r˵ˊi\<JOM#|SR\Ԡ#\$\ |\>aUW=\/ҁ4\FPƧd\l\k_A?z-}o=V\\\=\\rpk\0&g&\Bk$P\]_\\\"0=Nj\~\\\|<k\+ѩS\\>)\ٚD۝v17ȥ\\0kt<r\2_\8\X\l~<3\\!\i3\\%%P\mh;ᎀ\9;\"\!\c\\>\n?,\wV\J\,MѓE\>nw<H\\u]f\7\\1\8[8I}N\"YKw\dQJof`o&\nf,WG\՛\nx\\"\g~h?\_\b\\Z\\\E\Z\;\z\si\r\r<g\\ Xa_R\(,\\MUbfyݻ\\'J\G\\\'^&9 }/<U\ΖK^~3Xm{\.j\\!l	\ῌfcFT\O,4\q\\"FLͦ%\rOc|Hꮡ\hC)s>%P\x9\pH6瑎P4\P.m\\5\-}[g:\\'fda\K	qUW\|\\Ȳd\G4\bby7 _vP` ;\?e,2\G\Cr#UwqL%ː\0v\ꍰؓI~c-[8*\"]a߄E~2mdy<#*\\Nv8.\rΕr%t\5vC*=Yt\\{\2%9h{\SO\eK}t#3\\	-\KhlTݬ@nk\a\o${\'-\n\\i1٪%\L\RW߬\, \\%;x\evWp_x+#jc\\ǶjsUQ\\\߉T{y-÷O\DL\.e◳\AJ\@OF\\^ܟ:>Dp?z^\\\'S4\\\\?%g!D\\W\hW\\\i/d\Hg\\$<MgR&J-ۦ6\\z(׀Q<p,;`\\?J5B\\z~\"^\9Xd%\\\"\\\zv|9G\[h~[XjcjNǰ2ܚ v5\\\nx*i_V+Arm[\\\o\lhqzؿB\n\	͑w+\	\CkԡV\g\g)9r\\\\\I{\͋g\=m6W\l\{I\ƽ\F5\[Y\\v\L\IGGieSm\\Lb\\	Y;X-\\A3fUe~\~I\>{ĉ +\$&\-b@y\\\\\m3c\67_\y/\uZ|\F.PKrIwy93\_\\~Q^53_\\rU?\\\\\.π.n4϶ǫ\<U8l\-ܖc+\ԋ]@<D\r\;kbu\DL\EaOMZ\p,_u!\d\y.>H؊\nhd\\ߋ}m\qYw:n\dS\n{]\\Ra\\\u-<\\1H\'RzK\X_,#6/2\xnᛅ/jC2叫4n3Ĕ\\\#[JZ/z\Z\d`\ҜW7zΏ\M\\\d[\dnL#Onm t厈-Z\\\{\VK\'˵ |&~5p\]{?\|\ʭ腎\\oux\4KX\\'Z\bsHbf\r\\dXcG\V\L\L\\Ux|\<\/\\3\\|b\,W@<\x\ؿc\\r,=g\\A\*\R\BM̩))\'}Kkz0\QG3(\\\\ԨT!,x.\]\\ŝ<\\\\{c3BD5\\-JO|ǟm8^pXp\.g\{\&U:\Z\MtQ!Ue+^~3\\J*8\+EMS\5\\NX1|ʔ{!sE	^\M/\={\\Q\iU\L\/ͺp M}\7LRKՙXGyYrceN]\"\\\%\fh6F;ӊ\a$G\re\\y𳔴r\Kw\\A\Z^:\\~Գl\\\e\#y6\_ȃ;+ڔJf-\\|)<\\')HR!Hl\hk\S\P\\N-\X~a\\\!\ʰ\\0ė3UP\|D\\f\\j<8\\"\ԥ\ٷ[\\\m\r%.I\f`y\E\w~BY]yl\\+j\H\p\DCm)wo\\npH\`\X>\'|A=\j\}m\,\\\aS\RIy:\i2\\+\\Z\3\n\]E\d\7t	g,S+u\\\&\V\n(;\Qe\9Id\Mctvsl]]\\\CIv\zt9\\ن\rE\\ϵ\\v\0J0)	\%E)Ii\B\\;Cf\\ne(iFf\kFY!aO\\Eٵa\y\\bVcj!\u\7p1\\唵\Z~\.~!{q\V)2Z!踳\@{.\}RƃnLJ\UR{YnE\G\t.Ʌ=`S$L\Ф\nK<\nCrY屟iCwU\nz)әI\u=\r\I?}C\\')\Z(`\\\\0\#$sl\A\\Z-oE\l	q\\\\DVׯ\侭\Q\\\:j\?GvtO$\^\m)/W*\u\'h|\\\n;N\\\_\Y\VH\i\\3\gPyS=R\-@E[\\"C\\nU)yUX-\̶6\?dUw%;$ş\DN\~X3R/	\\I`oj\i\rATRWss\\P\7Tʥ\nqwWp1q\V.M|\>}#r!\N;?0!-e\\*]R,\\w+̹H\nPEA\\[C{3a[U!<\E3\\3=g_%]uy\Lrl\\P9\\0r\?6+pbǾ\|j\n\Zy6au\`׬J\k\n!\˜gt$	\j\+f/QwSj\)z\0@9\^\\׬\.i<~\D\)Kk݌}\3d\E6\\ter\r`oO\\\zH\\n{\)\\|\\]In|}}iASօ41\0!I=S.}<S\\eu+\\0(:6\E\\\=\j-=\>Q\ou\qbH\zP\n\n\SR=\S\\Us!\C\\_\Rpv| \-$\\Rfo\\\\\\E\9ŞQl\C}x\nn\';\M?+\m\"#ż.YWM3\rG׀\YF\\\\Ʒ\\4K@N(CЧ[ay	\\	=BA޷ǯp\\{7\N;<\!#E%!\\X\J\R\c*_!-uJ\hJKovu<\r=w\i	\Z5`ppPQQ54z\\\\S\ka\A\4+,9w*\r\\嘐4\\Z\H\<w>qh\COE~\䤲a_8\\$\\Iy/;\\\\1P\\G\ް{\\2\\r9\\#^\.\\Μ \nղ1*\nF\\b\\%\\J>\Lb\ \F7qR\cxLLC`$\p\\RG4!\<\7\\\OCSp\\\\\r\uW7\O\E\\\ot\\ b/!HAXXQ	\3)J޶6xͬ\F:oοM\\r\d3\Ǐ\\\n-\\Z\;jz[dĞV:`lt\ip{ξ]\Tr:\\vPFx\q\'?\ť^NOUs\'	h +\[\j\rMQm\NNyBw\5\\\>\%fҔ\ZS\Q\!kY(N\8\\n\vnJ\'!R7&IA`\Oigc@=v\!59H4fʖ\\ѱn6aKҌh[|Sdc\r*\T\Z^k\\jlH\A0ˣ:bX\N\r\I4a6(B\|\S\\ZB\2\zE\_\n`5?ScGHSL\\\:s^P\"2)SH;1ۼ\8iBufU*\@0&<\\\-\0Z5t&0ȗ\=\\\lޏ\4\e3\Ҏi2\rr\Z\ڌY\}/D\gMH\ȹ\,fk;EkA	)\r5A~gC\,F\"\֑&\\\\\Z\\;\]-ؗ\\\\AF\\_34]\\\q\U\}MNSABF\\g,S\S\\l\\0\\@wx\w~D|\l!Y`\ĤЃ\o%2\/JpD\PrT19)2\R5v\k8*\jHJWً4ԣ}e\(>Q\c* 3\0|u\\cqv\Njd_*CV\\Y\h42\;%\"\%\1F\r\e@\W\0\Ȩ\{\\\\]\ieR	t\>\_\3v\'\Y\\ZdѤzs1ǽ}_+ ы%\`tdŪ2	\"B\kR1up\'\k/\qӧi-$N\\'foOgw\\\\'~a6\jŘL\f2T\\,\b*\\uC9m\Ƥ\\i\\`<\<Wj\դ.U\Z\|\_[\\Ш\:\́%9Yc\k)Q!UM\wAW$\\\	!YӣT\>U9,@z?)aFj`.(\l\\H\kꃦs[v\N\\a\}ywk-JO\0\f]®|Eo\]\0#\%\Z5sH)\iy\\Mje\\vWWw\c\SMTY\ns6\eH,2}QbfR~|Ux9S\F\X`\o\rJn>N\>cnt\Ty?\C\nFV3\\ãd#\b\~޿\:\\Aay䃠\3\.֔͐\n\^l\\sV\p\eo\\mFh\\\r4Y>+jE\\\co\M\ݾ1xV\\*OVߩynZ\Wjt1]@{Ց>\7\'DֵkΜ\c\q\Dݍ\Pǆ\anVv\b\6<I# \\0鑱˫㙀#7Qd\1z<\&\e\v2X-?+k%E\X\'d6C\ϓFK\(\se\\231f\\T-Ej߁R\ҟx\r;\\\\?߈\hw\\\\\"s\μ\ﱭ\\6<uEQ߇u=j4׸\$W\Yk-XW\^Iú,nt\\\{ֻE\O\\Z$2JVͥ~L\b0X6o\-\m\\I`O\L\vn\'D\L>XQ)?Ntʍ:\\^<H$vG2}\0mM\0?xs;\\,`DA\0^k\&X3)@\nӯd^J~ܞX\&i\VR\ͱ\RFM\uue\F\0\\\ZG\U%E\أ\:\\"Z8c8\'Gr){O5\Ֆ\i_7sBu\\4N\k\g\wh\`U\\:7,\/W)>\"#n=\ܳ\\cB9W\\;pi\\p\!Dog\\. p갢\0Ҡ\\;*u@,M*l\y\\R\\W1_\\\iqp&V۵\"\Z\q\\Zv\">\SH+!\\\n\~IH^64\\϶mY\/[\"*\{(b\\3|ױoӎ:n]\"|FR\5pmbG2{eTV;U\\,\06-Xpa[}560x\\";?axn,\\\\)F;J<\a\pѓ|M/U\Uq\tW\Lm7\\^|d<\x$\re)\\/4.\֥\0sBZL&4:\nLV#۬\7fT\W\-Ec캨E`\\.0({\@륌%\V|hn\ɭ\Bt\)%\N\y\?\'\0\\TuR\	4\4\!zJ2K\N\ \y\sf\Ya>3:\\E9\$E\V[\"\Y&fBl\0*,BÃ!Xn,lQԤ\\Xiυ9+{]\\hIv\V]r]	nqs\\U:K$GL\SscSS\\oUJ+\\Dpab~\\u\+\0\4J}ڹLE\5	Nb\#I\\[\f\\J\kg̅gF\\W\^7\K\\\\\9yR\\zW$?Zlh?,n|p5qs\[FLt\&k9(1\\\s@?\o=\Z]L\\\\V2N)t\3;޻\n.|\\\r#:fϰ\F\s\9Ez׊Y8ϮhpC\=Ö\hE`5:Q\\Q\Y\'\r\J\\\,]z0\eb|Hellh6\4\\*P\\\\ZBh\k\\[lX7Ox\\\Z\iÍ\g\$\- x{\\0ASs^\\\_T\<]VA08\\\՚8\\ysS\\o{u\\,\80͚A`\\(\'F9jS_J\ܡ4E\\ћ씽A{\QY\\m~=g1Nc\\#cW\\\, Rfv9W%d#2}͕I0\\\zF:\ѭ:6FU^T]\\Q[F&\zy\\\\\\\PjR@\I$/8\̛\6\'7P\Zx\\\H\\SP\6Ļo;wDoSB\p\ŏ,\\rQ\\Y.?(\/kT!=\AYGP=ݙ{\uB\n\\d!\b\\؋\m\r\s\\\Fu!1H\\\"Y\0f\G(\'Ʈv57\!s\\0apg#x˦\%f3柌|\!Ac\\Euw\\<vAT([\I\v&\n\\Զ^er\\v$B\Y\\\Xm#l\0x\\F(f\H1%jII-yt\\\B@\ɳ㏓<d\r^Xfع\D\r&\:\D_TMp%Pt\Z<K/\^S/\"pƇoxTW\\dl\6X _6?SSq;\Un\\\Z!KB;\Xsn\r\{)\po\?&d\n\S{8XRb\\]\ \ hdop\bo\݆s\4̀\i~\l/:8N@/>x\u\Z\\\0{m3\3ĴQYD\`TM\\3f\r5	(x\rnZ\\Z4n!\Y	\࿢	-߽4\ڗ\gſ\\˝\67]\0\JRhQi?bSy\Qց[4$\\h\r\\Nl&\\e\\\\\\_L\A$k\\>8}\><$(\6쿻o6BIؗIܻ;\=7IB./ih\\:]\_4\FH=x\\%AWKUߔԱ\wۨ.\.E+ZXZoxRR\0֜:VaVk\e\nt&V\A\e\°	\ui<\r5}\\\\OG웱\'DH_T\M\%ڬN5ƶfD\r-6_\:\oGֺ\=QA\\*D46\{ғ!\n\1\?R \gf\y\'v[\Q߂A\'KN\\r!.x\n\AW\=e\F\\0on&{j\/C4juVD-i\%4\&@\`37V\*\08.Nj\O\:F\r;0z\wo0\u\G:n\y\:o\1Z83K}\}\r\\~4bU\8r2Fj,_J̤ŉ\\HA\t.7mN\Z@U~,!ߖBݥꏴ羫f4VA,q0\v\V\yطpή: i5%\<ye\\'\q:b6|\k0HMjS^,f\0\\ݩ\8}L1{`gstӅqP#;3A\\',(\Ó\0\)C-\q\=ڮX\`6I\\\bʀi\\(Aʹ\\Z\\̈́գ\\h?׺\q{H\EV\Z\/n\Z\PՉ\pzHH/@G}\AZxB\Ec\\BX\n\\\}>l\xw\u\W;EIb:Y440.;e|Y\'U!\04Z¬	\WGQ2\WƵ_4>9e\&	$:sP;o\\H\⁋OSg\\^@޺e\r\&\]\Z-Cdǳtx5\\'zR7 7|%/\Y\\g\\0DJ\\\\r\= Z\޸\^^.ӯL`\7D$\5tf }A\rZ%\ \\>Lwv\^\k!n*-T\1\\\Ӆ\\r.Wz\\f-@\\BMXvd#3\\<\n\\\[y\Al\u\\dV<\q\WXtq\C\JGoG\G&_d_\I\1\?Q\ĥP\}O=Q8Mp\\Z4\~\\t\\ڌK\Z}u\BYI`[h\\\\\Ύsr\3+A	2`Oy3\jT\RS.7\\\r.{Z\\m\Y\\9,\(?ԚO!-D\"\2fC``s\\J\\\DT\JxO\'\c\gQ.\1=j\4U\A\iJX*\n\\㲺\ఄZ}Ê:\\\+G9A\ɴ]VͥmH^w\>6^\\\{\\E\S<R6$r@+\K\\0\\`P?.\"Tｋ6ѧY7Yiv\P%Nw4Ü\\*\\0`Wȉ3#3т\\0b\'\p;\\8[ۓ\\\\ZׄW\b\ðm\\\\Bp\V\hq\Tfa\c\>n,=@{w6>\\9\szq>´-\TSO\rM#k+Y&:bqHx\=\{sWm4Nggb\\rIECf$s!\\Ğ\M\r.\Z]\,\aN|(\|1ӫ\r	B&\c}\f+yboق\\"\'9O\B@\\Z\\=c3q̉\\\\	̋\M\sEkϲSC\%g{^\\rL\\K3\\\F%U]yW|\\7\S\+~Zp:Q\[\R\}\\rυQ\4_JJՖ\6\/\[	?ߵV4V^\\X\	kL-\\"\'\O.Q\\\\;dQR1\H5O1#1I!c/6\\\'*NdEGP~20\Ѻ<\8Jۙ;\T\f\\F3\{:\\pn\F9o\\7tb\\\\ѐ.igtOn{ͭvú2d\'\8tL2B%J@\0\	T)#?;\x\Uk\ UkA\\vOGq		\\\CJGY6YJ\$!޾tTw\C8\?\:=^7nX=~(zGoR*F&F\\\\V\*\.\+\\J$Jmi\:@w\\\L\\:	\\NIQ?\nh\dpkP\\q\\Z^o;0~Zx\n:r\r*p_Mj\\ݽxܮ8{k05\n\L\\(t<E\\%[<A\\p $\\^w\\|ͣ\u؛\\I\\#5\gM;mg\;ؼbx*\D얶l\9\2\K\x\n.X\/P)\\!49/a\\\7\0\U~I٘.)\R\aXi1BhC8n:v\6$\r\y8غ\\rUyˢ93\\Si\HGd=xُ.~9\\d\xY/+3RX\,4[huoJZ\nL~DY/=xY\7yiR&\z4\T\1QN+P\(F\"\r|0\򳛌	\	%Z\\EX́ޭY\\r\\޺T\r\[\\5\J\zE?diL\/i\\ى\r%\\}(%+1\WYuoef/]	4\2`3\^\iDJq\VA\\0ĦZ\;=\Z\:0V`B96&&%̋\r\"MC\\nV\\ʭgҐ	!w,\\\N;E\Zx_6\Zz\f\`ϿEI<\=)7ugv!΋\+\{,\\:1G\W\"-L\~\%\n\}?|St\m۶m۶\\csb\\ض\gYknf~\Ug\\]bLE6Qd\".\iΠ͐(\\ob$[-tWt-Y\B\?\t	nDޝ\\\\\Q\`9\rU)#\c\[\\\1QH^\"CyQ:r%UN[d/ڦjQVLɄU!\'9\<\\/Al\-#P\1;Tf91e\uxQ\W\\v\\2Y$o\>kb\pnhF	$D[8\{@	\\a\^ׄX\E]U+eR&eI.V^сl{\Zf4\IZ7E\\(\4Vm26~N55&ff\{\\*.I\\\F\ZeA5)\˘\\}\\\,\\mmk8\oܑM%_,<H/c\n\U5\ЋT~ɫ\Z+\ؘ\]\\;vK͚\X\QRO\\|\\\1\"c`@l\\\-B[9{_\JBU\ӭz{ǟ.ci<\q~\Ȉ\bt|[\#\~KyBK@6\aFD|W>๼u.\\?\\"0z:,\\.@X+\KW\"a\#,/l\=R;J2C,\T,\\\\U\4Wf\9+\W\MǶJVt\FغdK\P\HehxiH\\\4+ߝmQpɪI\\˨\MX FE\\\ʷɱ\Z\_\F>?gނ\s_5\U!\O\G\\'\T\\\\,FW	~}mkɵ]\\5 \!f@՜ryigJӋ\'F㷪\Έ\\K\@\K?/c<6\sBP\]{Sˉ\TuuuIc$<c!zz\VGgfHrG\\!Ȫ~y!w=\u\~N~AO{ř\ynՇRAGr9{\uW\>\V\\\71X{C\\i\\\~*O$J4a=H+w\(=Els!\rX-{eǎN>\Y\r	,\KDC\1,1ޢmi\ڸ\ÿ\\5\rB:x\YKY\\\\\\u4x}q&֋(jK+uF&[{-T|\R\QL^ǯcTa)};YgO\\0\MO[܉\,[\\?%-I<u\rK`/懙\}}|\#+V:v\Z\'zY]ģ\sl\٬\nRG#d93&\r:&Ca\\\v-f\X\nĽ\!\\Bm\\\dP\\}\y\P\'%\VC\\r^Uߗ\\OX\k%\Q?\,\mz7ֈw\v\vzӺw_(cUTR\\\\T4\\/)-\^TKHCZ*^uZi#\<M\![\\kIc\rk{\*Axf\d_l=L,tb֢\r*FY)?\u\J\r/Cf\R[NH.V\\:Ba\1K3\Ӣ/20%`e\Ҍ\h(q\\\ziI^JG]7ves\\A@Bߠg\I\\\\'J:\'!șN%IzI\\I}\C^#\X8}t|\[ԅ$\rl^\n{\0@\f`\\~yhȒ\\\@m\\ũ}\\"c7>\']B]_|4L.n\_J\_ü\\ϥ7\O\n\G\n\'w\-0	cj7we\s\^\kܫ\?\\4,\'w\iD\\h\@\j\\iN+-+{xL\2ss(GC{<<|\ķӨ\\*j\֎w\\Z9h}pHC9l<Sf\gqjе\/\+\\n&\"O{!9ICS0NmZ\󟪮b\%fUP\dt&ᆩa-h\V$E!UI}58^x\\M)4NJp\m\"9=\\\\0k]\rd\l\<}&eQc\F\#\ehX i0v8T\nL:\VB\\\ɖ5&:JP\0\\\0)\f1j=\֎\5tބK#j=GYz\\ltS)ޭe\cێ\.KTs2^\($gF\x\g8y8]m+\\G!\\'w#	a#I3y4\\\U\d\熇m\<XO\V\0eלx\~\^u#y\vlF\\Lf6\n\n\TcH\nz\"2~7^pڙ\=\x\\GBb}1>\\	ssfZ9\\\$\\6>~\@]\S| ]_g#@X1\Zf#\.vۻ3$~jT\\{Թ\/p\\wC3\v3QJ]=a\%\_:~\\ftᔼQGj^`\d+j\0\oPp\"ҭC+Kф}v\\3\+_\_!\Q\{\7\nL|A+:trU;ӥ\4\\o\\D\3m\(xz	`Uno<~z|-B7NH[6\0\\"\\\*\y}//5rP\\\\\Fdn.W\\\4v-c\\ISk\?f}Ι\0r\nQ-\\-#\\{?\#dtsye2\K\0\\p\\(cӱ\:M\5O0%`c@!\U+[k\\\(9C\\rz\:,@\{W&tfgy	_EtDl\Yn\6ռ<\y#<\'[\rID\B\^al\}\\\J\0-F\2B\0c4rhբy\lUj\\"\n:f\\"Ǒ$ȒW8ڃ_+xUS4 -\\\Z\\j.;\L?OBen=}\\@\\\'\aB_%\\rB*gZ>aX:\YuiACEع~\\rx\'W\k\7\\p};\Z\>x\ZtWCQ9|F	n\?~+Ae\\\y0\c\q9\4%=\&\"\\0\n@Uv\\\ߕ\L\\tUBz\џ(2Ut\\$k\_#EX\tSb1W\g\\\ƚ[\\Bx\b\\;\\ZSg\3\}\%!$6~4;6-em{`R(Js\ߎ3\0\c1hĤa5w. ߹Q}4O	W`pPppn&7@\DA\\|H)qe\*&BN\\\ș&kS/>\*\E\\70\n%-p-\CS\?<`֯M\fÎpU\(\\\\r:%렸4\'\<oC0\Z\ bL\\\\q#\d>\\M$1\\rMVVY4\/8[GSH\\&؝ae\\E3#p\Դi\V;\\èBV@ڰt~Z\\\Yox6,\~hĬۂS\p\oAJݝI2.\rɧj3\h\xEqʳ\5^Ǒ\'+n\[D\ƫ\~99DbbbIYY\\\=ԁ\r\&0e{#\n\\jB4\\S9\$/sMs\s\k\=,%eO\;,0E\o\+?N<!K\n\خmW\A\\\\g^\]\\(\t\Sd\Y\\Ҿx/}\\\\[zk&\Zզ\n;\\T\J\\sI\9~rYGVew6	X!>f6\ݡ\]\\\F\OD})NᏤ\Rǉ\Fd\\wڏ\9\3%	Wet\ζ֣\%\\\"_̚`1~\,Ѹ\"\Z\\?\\{9\\\\\\0R\\tvr¸ܣd\\*\\\\\ֹ \r3J|5iʮ\'/$\\\W\A<[\\=\$w{5\r)\G\g[DzK̃l\\\\\\{IAAJ?:m\C\(-)\6>ޠG-\l\ bhT+6$3%>1\\.e\ґi\&\<9m\r\\/-EN\\$Z-Z\H6[Q\\|5\>w\\*QoGB=F,:\W\I\n\!\Њ2 Ltۉ}\J>\G\6\ZN,RW	\ꈶG\M<\rH\;\▍>\LWz\F}\\4J\<K\[\':\\W\\\1w\\"F\\̜@\Cl^{\\KX\\`__x[[0OC\\\CmuC啕{\\R*\\\_D\=\b\\4?\+XƠD\\xXXP\r\Xg\\7َH>H˽(\0S\p_/c=q=[`\6\br^ofbq\p>\>>	!\\O\"\@\\	oAنې\\\\rwK~Y&\@CޕTP.O46U\\'\MZ+8ֲl\rIR:\9DB\\\WZ\;|;e\N<bD\2\,\'x\\\_\_\-<\ZW\0\\nm,\n\]rcy\nZl@\ZtL\\ws\)#3\\i,`H`69%/b\CeZ&if?\\TN2#\y\z{Ro1Q\8\d\@4\7rn\h\9\	\\e\&2@\~lhL\\8CD!\y%Z:\\߳s\\0IG$HjZ&\\\ \\\o-\	q`\\\\U\۫Q\h\\\\\\\rg\\\~??顓k79#LypC{)\߄\4/$c$1\gXiQG\ٵ;	K+\g]\nEx\ \'F\\$v݄f\MT\\\)\\\oth\ZbfI\\L0U\#8^\re\Vkf\\h\$\|ww!\[\t>k;֘-\+	i\K8	\b\\Z!(\\2D&\lb\GoTXvduY\ZD m\\R\'\\ws?-0\G\\\ĺbS]\(L妫\Z\L=g\\\\\\\b\sx=,\n\\9GǱAoERӇ˜ֱ<\DE\\F\\\j>\\0\׬g\n@\rly+^w[^\\\$\\#_;P<\W\"R\@\0\r#B|\g\\\\\TRm!Y\+\"w\\\\|I\?k\bbb\ZU\0oA܂s܆/WrA\Vnfsp\r[F\\ᰔen1]ִα_uOwF Noo\'!q`].J\.J\NBRO\O\\f5=aL\Zr\'<\\hqi	2X`2\k<\.\⊾È#C\"yՕ\\22|\&g\ո[÷\y;VkRMc+\f9L)+DGG#Q1@\\Jk\'I:(qBQۇB\hH}V&\%\ĕ7+U5ʍwB\'A3\\M3\\I4c\\|`\ZM#eZILș\X.\)OW_P\3<RUm_%̅y:JB.6N&h\\r\K@\B\ƉgA,EHNm\\{V2s\z|zXk\7+]Qor?	\N`\\bT\%/\>\A\i\\#2tw\冀\n\9Qw2	\CڀJ\	^\\ȣ\U<A<\Ih\\7czN	\\ߘ6~}f\sۯA\"!!ede,\F\|5ͥUe$\/U\(fq\Rxw\|\\VXO}01\\\%]\ؒ_R-\\Cek j|\&cY\\mu\\n\=-^/ \\7\\\y\)S4	h\b<f\2?y%:ꊬ:K\GQSuf(ٜ\?p\	]\\K\V\VX\̡rj\\Ȋ\\\\\9v k\\ͤ\\=\eYq\\.3\՟Ek\\\\S\2\ƒOٖ\\-˳\yvg\\l\~sUq\hƼ\p!\uq#D\\\t\\<\#\\[\BqC2\tHaz-h\<=)\\uKi]K;O\!ϰl0N$\'\X<~&|bo\v\\rF\r\\nFng$L\\XxVk\33*2Pd\\\k\sQ)-w[gjګ\\\\n~[0|Ou\\6\\;\ׇAc2Ғ|)1\"z\\)\٘\ґË߾Q\Dj\\\\ni. >!?K\R\c\\~禠RFT%\D	m\r@lnQ\S/\H>0޶\L{\'UD#6>\Lo\u1vҒK\\?d;\lv4PF	~f2}N <rdow\!\P\\y@\s̋s.&Iz\z\\\ÄRH>\\x\W͍$\<T i[,6IMM\Jm\n\\\\:\7\m\\qx|pٲ}tx\j\\v\"\\Z.\4{\T\\\\Lt3&m9_\|\\\B\{\JT/8O\&c\[q\\\\U$\e3\f\&\\#\[\B5\;\zĊDptjס\\rj&2Fϝ\\bb7b.u!\p	\\\h\\T\ʉw\q\,\'n^q\0I%aMbc\9t2H\\}\yب6\Ce\Z\2þ\:\9\\rx1\\/N%\\ry\'>\"OȲ+zFg%`7-Fac7$\\\wajUNj&tcY?.s~FCq1\\\?U?\jo\\\\'kC\˘\Pk@ġ\n<dF0r\\>\R\\\I\Ĵ*U\|n\';I\$\#}} >7\nr\'&\!CA\0\'ѯ\r-4c*C7u(g+\ȑ\J>\0v:,5\\-\C W\\f\2\\-54d4\Eu\4TB%#8\\P\\Cx>;ЮnY{7HǨ=\w\	\h\r)\\cj\Z\\՛~\\Zd\$0u\\u\qՌ\ܿH\94I \\Id-\"]%NzP\\\\&i0~\Z^	uX~(\\x0yw\t¦^|-M\Ƴ헚tGT1\'\DG\7\L*EV@|\_\Qd\\|H7\-SRfp\H64VUs<Q!\\ru?\$1\%\;\\43\}\'o$$>4߅Q\\\Z(?ү;I\Zo\\\}B\DEEi\S \X\\T5*fpg3\:U\&P]\\\\\aM4\(ڳCd\-o(\:7xf49ﱵ6\\0\\K\@\k>x\\f\\7HvFlPE)wa6ZCӻM_6\\rP%SRc0th\Dtf\P֍\X\\]\\\z\Iw\SO\\}kB ebCv~Qcm㫗d \N\'`LJ/$F탇w\-G$q.{^*;\zVJ\")7\\n%$\hX!Tٵg(@\\\0K#++e$l\'\\5\r\ż\;h b\7|\tm\Y\\Z\\\\rZ:\Mjd\\H?D#\\=\~e\ٟ@$P\-,_\N\|N\r\\Rw\BKO\4퐢\SNyR\\;bl?Dm\\5 \Z\4_\n?\O2\śd\\㇓%\"O5_\\U.\j]t]\DɇT91o%K\@\\Ӷ)ks:_lDڀ#9G\و,t\`\Krr5U0\Z@\F\r-9\(i<Ev\UEa~к1\\E\za=s\sݮEɥ\z\f\ruK \<\0t*\>\\ùt\ۿW\ٷmo\^~\\\ć*搓c~\\\\\M\)nA^Lu\\/2\\\\~M<X\8M@xl\h\rhm\Zx5\މa?M\A	!3f:\#:&C*ɡXK\\n\JwT((\d+}[ZN?X\\\$2N\nFO?\yɞ\u󲐎#9\\T\%\!Ȭ9UH\\z`\Xj\b\nITDC;u̘\\f.=1\чQR@D(Mz~}K8;\KɄ\TTt\Z\Ztssz\"hu@p1]8-zvjg\S\-u\IZc\;\\V{\P\l\\lDɠ\\r\xR\ZDgZo.H\"H<Y\U\\@G\ڶ^c(\&lnnp\cۯZvwe`\=׻\d\'\>p\¢W\J섷t\ZBS8y*\j\uG\0\\\?\\;ΗIԩC\wvO=I\I\#P<w\A\綊\q\ȱYx8\\Zg^mP/\y5\_d\z׽\r\s5:\'\ແǠu<\\e)v/\n\1\r+خ\ylu\A\M[|F&\oH\8\=\\;=5hTTtC\K@#\k\iAWp\U-Fk\ӎd\\"T&#I?kM8L\%E賯YXv\\'\"Ysb\'-y$S\\nSz\c2Ͻ\@G\\T˝\d\\7uu\\\qLLJyW\o\8\>\Z\kDw|f\N\\I9Pa`\\נ1m\yuCIgy͵|А0.Y\PP2?))\9	\>\\nd\\}l\\\\ޕ\\<UU\\SL_^ȇ\\\ja]8C\\x\z?G\f3ӱPsIH`=>c <\b\]P\&H\%B4-X\\/xi`0\\zv\"$IY~\}\ݡ\`ӡI1OZ\\")F\6@\\	\r\,A/Y\ 2blp}na=ӕ_I/s\\Zp\\}$!/x`\ڎB\WHPkHo\\\\;\\t\\\S,\VO.U\hP9\&Dh\bȭ4\\"d:%Z\\"O\"GT9\3=4| %S>c[62ٽ\\\$_\\N6X\\"\\\\բ!\&\k\p\-w\>\\>\"b\}\r\A~m1[e)\va\hi\$Cl\\\j\0Kܳivl	\\u\])9/\]\\8~\\nfn$Sy0Բ𴴌\\~\hSi\\/z{ɘM-SX2M\S{\l\3\\:nȲ^\nIB\'l\`fI\+fz\$2\\\ZnjtWw\\Y~\r\hgj\y/[\\ʽybl\IWwT\\$$$(aZE\|4gH\띞\\@u@I\:(G\nBX\N\6\\VG?{o8?y\`|\*\\_RgK\BW{\/Ȋ?\\\P@[3\͐\\\ԣM7\\\'$<`\\k\2\GƺD+e1gx~3\\\\Ҋ\GWV\\\_bvMIc;vቭ\E˺\ڊI\Ntx^\Zo+\<\)\"ۆbLDD|-uָؾX\r\ܶ\\0=]K˝^\/1\\8\v	\7Z~/\UZr~ܣ\0ܾ%c\\\E!qN/Kt\n\\0Ҵ\8^w\z7&D\(Mo~\lǕEzV\\u\\RC&BO\\!	\'Jn4KZ}\|(#o[\\\'$WF\'CP=?xe;\\ⓞ\\z*{^	\4Mv@3\~\Z\l\H26\a<F.\\i\Vp~kN\%y\(a\$S\\.\J{ٞܦ\~=\v\\/\cx̠\\'~ \|s\4\D\rӥ\Z\n?{\\WWwz\Zz\\*\nLpKͨ\\\l\\'\x\o*\\bYaxl~}\0\@kþ\ӹBԍ_\:\^\ev\0ڴ&\'֛\\'m\[\03ܭ\'/g	1\\nPE\\\n\\F\\"\\\\'\kE\\\OzwN}ɠʘp\\Ҝ	$\Ż\\\"U?\?v\\#8m%H۟g_FZ\5)J\\L5\?gK\\\&-0\0\rk\\\.\\]\\\V\aFBV\\TtՃj%\\P\(\T\}\\\#D)@_\8f8\\0\N7\,7\\?ƫΐP\<{\{!R\2\f\ϗ6\v:7Bo\\Tځ\\\^5Hnփ@0aKs\\\{\.\V\o\\\hK\Gj\i3^qܹ	&\B=5\nwM\Q]z\Գ\AdSOB\MێZ%\ɤ&2<+\\\\gvK\cvTy뽈 \bD\"<w\B^f\\k\\\u\\\\U\h3\*A\*0^. sWGz\x\\aY$\HCO\C\ʏ\$Mkh;\\(cX5	\R$\\ZE|FR+\\n\^bl\"\\\\\\\	F\vv\\𸺀.6\.ם})<\wvg\rD\<\#\o;f\\;(s\"\\\:#::\i\\L6\rG6\B4C 6`]v>bjo2\!G\q a`vrӁ\0\O&d@\i{B\`H\\\\\"N,7\|\\R\T^Q98R\\A&&\O125\L\b\"[\J\r\ui,Й@¦\b-\$@\ l\n\Ըf\\ӞO|.+^y\3<6pj3\\P\9T\\\\rhMx\\{[\3Ǆҗ範Xw\n\0I\^\\>1\Ǵjˌ\\\\nQ\!54\\Au\\\cQY!\Z4ۍ\r}kkM6\;P\e3\\\q.,\\rlW)v2\,)?\<N\;œ\.9I_tJ=I\\xЎM6\U2>l|]W\4\"=\x¾\"$!Ήج@ҡXU\#y\Kwu\-\\'\\kΟGw777\_s/_U(\\\		S\\!L6\0\*@\\\nj\3jT,o+H6\33R\Hz&-i	5\Bo\O\=PV*\!\XZa+ֈ\\\;\r\3\)v\0\\,\0.U\C\숤}v.cz\\mh\|\\q\b90[\nDA\!N)4͗d>\'G\%11N@)*\my`Tʦ䜛&\4^o> r\\0{C`Ԡ%\6Fǘ/ uv\\!b\r\r}뻅J\r5M#	{mʷ\]qGG``0\Ze\e5i\\`\`G~~uy;s5-\_BIC\\\P\oJj:\\`\;q\R#\v$\"	\K7\\513?@\Ρl_\\g(\{סc2\D_*o97HeI\\ϑ\d\߽\Ls;]d\Z\\'\_\n\0Z¥\\\\@g\G%/\\4\	GCD|\X@/\\ \.\\\u_\w\nʕR\#y\-\\o\0!$ػ,b\\#\2\\_s-:KQaLI\,l$YrN\;#\u\A:\\\7w|V[ex\\[ukGM?E/1\\:\O]\\4iz*rZ\c\Q+mw52kOD#\03Zi\"&K\5om5_u\O,\\?m\-:׿èZP\2Pī\FT \E)U?Z\Z\ᛒ\\bo \t^ou\\iTI*\3\0;-\ml\[\>\\\lU1kUrЇ&\\-uch\^!׾pZJ\\*\"݆δ\0T;4\*\\Z]\YKL_X\_16\\'K\\$m%@sQI\\H	ퟖ#\\K՝%]W\Ex\s\\\\\_\"Vlѿ\ZÜ)|xbD,\*Wl\\bK\_\V%n\\]\\^ʺrx~!--M~JǸ46wiXA8\AΜ\\~3ܫ1CD\e\F:\\Z\n\\\Y=\@aQV(d2$m\!;縢\	R\p9lFH\Z\:MD\[YU\M\+se(c<8\\\i\A\c&^uv;iJ\-\y\9G\Z!Tl|\\<ǅNA\2\)y*zD:EOnrq#游m}هk\\\\9E\_,-H:	\w[\mi\+\\kw\	8\70\,[m\P,z\W+2p\\n68s\"=MdDa\\}t\Z\\ʹ\\\3ԕJ+%7I\;	`\5>\]\V\6\\\~Rx(Q\\Ye6\\\\v~\\t+UՊy\Sc\Z\Th̽\l+\%\ZHQ\=\\ɭf+~\\̭\\}ѕt$q<\φP}\\K\4d\\r\nQ(b\\%\y\\r<%\\ػq\v\\b\\{S\\L LI5{Ŝ]\1mQ6\O\\d]e\W^eN]IjAQ\\\5`\\\ZNx@3W wMMLmw z(ZI?&E\G\n\z5\u\g\x\\\JRp}\4\&Ψ\S\\z<g]֣	;\퐷\s˯ˇ\0(x=eF4{}1G_X\\/}\iA͗7&\U\%Q\h[~4\jF%\\}\mZ\r~sJ.McDY]У9|ٿ\\\'].ӽY|\\\(J	]YخVA\n^R#\\|Ό:XśAOԛ;i\\E/Τ\-Ȃ\\\7Qz\o\\\r{DΥ\Lg&Ҷ\\\\?\V\\;GGqceEI\2$\\m\\D<gIJU\l	0a\9QNL=m\\Dʹ5\0q]V}\-\ZcPHHtc{\\\4G +NxDy\0l	W*\\ptFx0^a\7acz\zSTn``\\v\N\\e<6t\3b֔.L[pg-]]\t~UP{/V:\U1vF\\w^]\ZB?,Y\g9R\\J\\:\\Ը\\!n{\q\\;^\7HG9j@C%\\*R^YNzap\\|]\r\rj\0\S_PaHk\Wz\\`D\\!01qOH\S/A\Ы3̉PLL\'\cd-\\L,Z\M~d\͂ZթկC;\n9l>\\LČzow5\ث\r\FX/\iWq!j\,\BzRT\\\\D(\Fv3_}\n\%Rw\ZmR\rrįvL\\bװ^\_\UU>m3=2׿\lQ\.\s\n(GAHDx^\ۉ\C\\M4Ϗ\!N\\3\|nAͱ8)\<YR\M+Պ\B_i|$\k\!^(\\n\50\i5gH)׀RKP\N]\EX0bΩ[U8\pBk\rݧ|x	PKct\Zj5|[1\ƫZ\EY=TI0<}{!\Pi\\!áq>pEx?9%)i\n.@\\+ŽrIjsH_=ψ\r\0zcL\|!kT}\\@qy7\3r[x\P\\-Mr]y#0\\jVxLd,@vK7Oz\CӠ\(ڴ\\	\Z錧P\Bv6\l\XV|T5\ȓf\J\vϏ\\\Z+%\\\ b\\x42i\\r\	$AZ$\\̈\0lLd`f).W\\Y\)-\\I\:ΎHi\\\}\^D\\"o?3Y)\\e\\\`Zϧ\3\\:@{itl\aT\f\Kz\KEQ\VU\s½wd\Qk\\^w.Rx\'ι\":\Y\_\Z\L	\ZMZC\`J3\\eB]?>G\#\\\j\\b\"\\ccm\BD\0vDW\;\\\k2\\\7n=R\0M\5Kv\\\%6\6}O\\9˃\@d\Z?`-j!$\P,\\Wɿ1\\R\X\\E\b\D\\|\LA\Zݷp;=\5́;W\r.\s+\/ОJ\z\\Zץ\\nPϨv<NS\r\\ڲ15駭*:Ŵ 6bSig\<GY-B\j}2Tt\\r\'a\\\\x 9τs,x\8Ԫx\\!B}\z՞G9w\vRW`pMX艆.\x**\\vbŸ.xRQ.њ.\n]]\$JAj\Z&E}=\\\bNЪ4sB\79*;|qean\Z\\L;\\@\%W{\ZΙ+\>\y;h9\\\\@0*r@&ok#\\\qw0^A=#7G5\0H;\TהDN\\"أ5\\+z}\'\	m8/<Yx\dd\8\U[d6\fZ}\\\\*a3Yq-U\Z\Y\'\N}d*=e@\/\\\Z\\S\0VR._\\nWz+\\R\Y]ˇg`\\oW\\\M\r@U+ta\\\\n\&Qn\"s|\\`\\d&G%\ȓb\n%\Bԣ&<j\\1\-C?\޲\ZV:*V\P%gv\/&No\Sa\I,\f\8W]$\tk\=\Z#OX,g_TVB\\'\ޓO\\#\'Ӌ\΁P=E\\]\\G5\$\\އB!՟O\\\zwOЂ\]~ΗR׏	6a@\\O{7\Y\5\wnU\\\/d_=\lϚyn\\Wli\81\W\ꎰU+F캝$iت]rkZ\fv9JH%r\jų_\{X,YC\\d?O\"\!s8S=!%k\=%;n\-dl\r\\_GA\9jQD)\Fz0d4\\?\GH\m\\W)vFVjj)Ll\dNԓ[Vg\\0\.\\o\\jk\\\P^lZ9BeQ\TfѠz\n*g`\0&\C>\\\n1\bgg\7v\\\Z͸\cGd\l\a]QF\hfz\\¥j\m92fw`_wKqG\^#\\j\\\\nNY4S# \\\v\X6|\\`:.[\J#\\"f\4a:&&&\ònx-\\\jN^K\r\r\"LfG*+v@tz\C5$eTj\A\*\z5\8ųJr\cx\+\({G^¤\H}W\=\3h\\F\[kR\\!\^|[ԽX\"=\rG~\JįPE\ZѺ\ﲩВr\+Έ\|̩PN\{3RGC2zĝ\Ǡ\o/C\\0{5L!\	fE\\\\-~\\\c/#V6q\\'w\FD\bh\'9B\:\6N\'\\@/į\Ó\<CBTE.pY$h>ha\h\!\@.\SQ3R-\\\3\\[\mQ!B@pw\\:\'C\Ɲ&{h\]\7_\L\\uOݺj\\k.5JD5%d*P.S8c^\n|\J\%\'2k\4E\\|,\Q\U	/\\WL\W)\^/\\>L\\<1S6`\r!]9`#8u\u\`D\\xh\ҍ\h\Z\sbJ\\ﾫעڟ}a^\rnwϬS,^`y]绝\HP\O\\Y\s\ckE.߾aiS_wh\jb)ѡ\t!bu+!wퟺצzΉ\_w{3m[Aȍ\\nb\\\sn2*r\$ۊӷV̩\\\)\\\\\"	rSO\\Q\j\2\>\|\zFE%Lj*\\&\J5\\ MY\\e\W\\Ao\\\'UW0\6:ZCH\87\\t8}q\rU=+\0}z_\\d\0n\4\6QR\!Y~pkg3^z&>\ԏ|\kZ٣H11\ꑚw;}iQ\\"He2-ja\r\?\}x\\3\Jw\\\\$~\8P\r\0o7\V5]\\"%8◐\T>\Ӽ\5VXW\"\:\\T;`|s\9.KE:b◉&j\Ig\=\\zcO\\:빟!פ\'\\\M\n\tfdrZ\\bm\[\I\\ጥ\դ2Fہe\\\n#!=M\\\\}\\^[/G\=<Xbk!\O\ʊ\ڈFC\1\\\e0J\못X25 ^Ya`9V) ^\T噡Q2N.wJϏG!Ϋ\Y:\^\d\RsO`=|GKn\\Ĭ=\NǦ/\@P\nFL\0\[<yLA^n\\6n\\*M-(\\-s\8f\yܝ\UZ	$I\]{J(\Oٹ\\1\i{Lm)Ӌ0	tp](#\4˖V4[x$M\I\\X\TsF\-Ȥ<T.\(|g\k߿Ee&?WGrI?W\k9Y	\R\n{`\Qi$\/G\r\?a\2PxS\\CMkAW%`,=\g>߾=C\\\0\IL+\\n\Z\\?u}\8#-\U\d(\\<\n\^\Z-c\rޭ\';ͷ[\\,?\r9Wr&J~TUW\~h\\Q,N\\\\\H\\\n\0`\i(N#\F\\ a\^+-\\\|\ng2ߤ\\H>\YQH\D\7\R\gѭ輭d}\0MT\6p\0\}imW\S\7YwzJ8<\s*_CvDH]K$\%Ԫ?\Z/\t$FKf\'\.X\)c-\a\d\\f`\\\n\k\Hc\hB\\Oߩ|5\\>W=ŀkL\̀:yPV@\#\l}t-\lo\U2r$\\b7\nfo_#\i\I\;D!]CDq{Xi1=\\xme׀\\i礆vKcM\\z\\\=\\lB\"S	Fn\\b\2]Ď:\6i((\J-[\i_:1n(b?y\\)cAi\rB\\\Z\NE\\\\\\z\\gch\PbBk\η\<\v.\!\Z2JY^ԂsvcNuYnX\'h\xW\no\҈%D&\W0{\\*\	\|ESW\\8\+yErB=ɧL~3LZǫ=\)t\ZbcbT\\\">\g\\%\\\\\3l\m\\'}\\ٻ2igsD\n\m;4`ײ~aAͰxźY4O\O\\\0\\[&\0fW\DL Zhp0\H7lN;Dʆa\\p\\q\^m3\L\\nl\ 7\4\0A5>\'9	!\Z(\\\\\\_\\\\WnsAX\\>a\M8Fk3\\\a\B\n_k-\raFYfq흝\\\\xTe8\_{6\Z5\-|R\"Ϡ\ICz\(SQmbe;\?\\\G\U\eb\\)Y3V\\Ȇԣ@SKq%r\6.&Y\\'<!WͿ\#M1\\!{{\<\nkx\0z>˨\CTy8\\'K\+țT*\QZO\Y:\ \\\0Z_:\`*^N\\Z\ɞWh->\\RfU**Z\̹A\ɁƛYG%(No\rZ_\qG\1k\&T\0/0=z\P)_2A\0q`ۈR\\ b8\\Z~\{C*Q\2`-.(3SUuǚɜ\\'\}\{\2LmN\˶\Z\b:\\r)\ӥn1p>\wI7ts\L$\u\s۩\\vt\k\\T\\n}\XPg%V\6vy6Ϧ\&\t\Z\Z\"\\\3<;G\x}n?\\\\,T\*@䢇\\2\'5g\\xl-fkfz\tA\$b~Y2\W\'̨n&?M\T!\ d\0h\ɲ\$]\x}fFq9l]V\\_4\ft3\\B*2tNPYԿRSϓO_@~X#!\\9+\Us\\iHk\_]+iɾ\=\0p[\0:\0%\r*\ZZMD\\RVR\\'\<>Y+\,,{%\{N:OO[|3՞M#vdp6K:\td\\TMDDx\M\|yW~K\\(!s*\n\xP\>\\o\Z*vDW2\K#߬ۦF3\Ӷ?mN/iߝ\r{N\,s=7Ya\mo\S`\0aa(ű\~2<`B\\U\k\\\ӑExcʎs\ʓ\~	^2\\0]\\\\Y\.\BQ\Ư(eSF4;\\T_g_>Wcb\\\@i)\5hAdpP)w\\"\售\7	\\n\6\u \-\Je\\\i7At\)I1.͗4I9W8\.\H*\\	u\SBU\N\i`p\/\ʻݲ\q(_r\HQ~\&\r\cSt\Cp\v\\3\00>J_\>\(<Ev9\ߴ\'B:\'\'a\>_^%??\L\|d\19\-Ak\t>e_P\o1&ܸ\s{ZE ɫ\\Iԥe\\">*A|_]\\\.\\\:\\9:FC5#NWU\\Ngظ\E&\n&Z{jSԴ\٦\EE\wv4/\\b/Mclӱ^PM\٦|\OE\\r7e\.P\M\|\\R\TD\skw\nH?Sx0YaCIJ\`\/XM\\\SP1I0rl}}sb\\FGSn:r˕\:W9L\\\ra\d}\\iw\?KfY6\VZ2b\\cnʗȎѤem\<G\'\}b&F\'\w^t\\ɴĢed&\ W\:ŕ8r	4\}ɪL<\ref\B\'\Nݬ&%`P\\_\~\Zkt\=RB\kl\9\+\\\\\:ʹp~\\o\\C\mS\{n%\эQ[\\-\%/fc~ws\"ǜo\\#\Zp2\QvInݜ9?޻\_\4$ɭC3\\UaNJN[r+\b1͚Zޟp݈JGߋ0\)sn\E,\]і+%\nTO`\lٻyt\0\yX)\\w\mb\wg=\I\,ёő{Q\WT\r\\+V\*\\\sná\,\r\e\\I\S\W0\nz\\^8H@@\r\\\۴;\@1\Z-nX\i\r6\ԯ\r´?lH\V̼d6YCсd*G{-;\\%`&wpO\\ԡ-w\z1\m/kٳ\1}\dZzv\ǬA\]B_*Ƕ\ggȘ\i[*R	.\5`k\\#UDyQM\m\M\\\E\\^g_\\\\z(;l\x`&5/ZG\r^\ص\tn\ٔvUb%?TC\Ǘy G|h5\W]1>\1C~\{ݻ8A\\\V\\\Zv-\@\~`\uzՐ\u#\#R\u\#\\\\w\\3;ؗ111\\~ə\t	0q\nx6ip\\] n	s9BY:%E#l\p$\\\Xs\ʑCʃΧg](vWė)D\沕}Y}zYq\ZAR \c8C\Whl\\\$t\Z3Ƴ#X͚瑐QOt so9\\fqI\x-}.\)\\`\r:Q*\syaި17ZڝB^l\\HZ\\a\%xD)\U\"3Ց!<w\\Z\%P,O\\\?\dB_\n\Zɣ\/ji}Z\\0ei:\q)\\i:\Va\\P\\\#u\3\rKLg\,v]A/g/ǒc.\E\ҁw5 2JΑ\a̢P1]f&3q0{GEߟ%C陷\'\"\Q\\\F\ḵwFUD\)*\pub^/i\m\mޥ\s\\Zls}!\D\_,ֲ\BF\_}\kq\'eXYoK~\ú\\_no:2)=)̨,\Z`[	P7\@k+o6\B\C\XM\\k\1Ɔ\;\r`L\\UqNh\$\og\\qJ\/6\\QL\I~FFz[9\{V\\& 猭X\.J\'an\4>^:GB\sG\ࣀ}XӴd34c\{\nW4-\Lmط\r]wǴ{|=\!@;|׃g7[1\Q\\Ia\\B2\n+\e(\rDA\\<+\	2&\z\\2ZthT,\\l-++(Yv֔\N\Nyxy9\\\F\\̀\\\'N뽐\9E7F;\'\ \}r%\ouM\D\\\'g\Z\\\RU\;L[҉@\x\\$l\\e\\kנ\r\	v\\\\V)Ko.}Gi6	Pb|8#u\8\-[w&\\W܎9vɆ̌k8[e5\ngHE5G/\G\/\n(UÞ\5\\*@z.\{-\/9UT\޿c\n\\B	N\\ x\3m)\":J\sgSڙ r0h\HWh\ZHE\H\0\mU\Uw=^\ApKgп&.P\W^(%n\;\rA\΋tZK)=[˫\oiVK\0D\\\\\\ve+x#$㬢f\Z\\4Cn\\\\飢\\iXG9\/^\rh\GNxT1m\CL\]\\'\\\\\&csZÎbu5xhg>\"k\;?U6?\[\M\B\\̶	\q\Hg\\\\˙p\_4\\nb\J\ŗ\T\Ng0H\\k$ \LÌNB\=9Wl\|\\}tO^\"z>j?i^˨P\l<\>\&\ki?\7\Z\n\hu?4m$Cte\9\Ym2\i\NKT.\:ηjf?r-jxф\4\\\W\X-}*Md-\\m\c\G_\W~~/BJ:~e\q\J\\e.zh\\\&\\}C&\\~v}\P:\rJ\nV\8\\\h<i&\"5k\\\\oz\\Z4MU9(\\?3ȫnX2^BU\r\\(~;8*\\u;βwD[vv\b4\A>akVo\(ܳ\'Btf\Zս\}6\1\}-a]u\Fwb֚}@<\.M\||*AΧ\3644bN\:J\\\p^9U+RFB\"S1\}Ҙ\qMm7yKW1\7u\l,=`\zMk7Ż9;(ԯxW{Z\\5\34{eYc!\qw\ZxD{\"Ӄ{\\\\o\aS^U!\R@S\qQT\na\00\\\:\l\r2JGTC7\1ː/Q|>\5Ǻw´\\ܬ\\vl1\C[ $\;׈\^Ѵ\\5~h@ۋ\X\rOv8> \(%<&|:^\%Ϙ<k\A𓅜e\fi(	M\'H0v;\W=%B9P%C\Z\ʾ\Hsvq.򚏦\\\\6\\Z*G^F\r$f斏gis2\w\ҫ_Pu\;\"՛ԹSy,UZx&ﱌadqd\\;A&fj\KF\,r\\w^d\Θ|Ձcjuh\t쮕\Qw~a.ăm66\\Y_s:gQ2Ώ܈1V^e\OJG\\d\\\nN\M\/69dq\1ȀIgIcjأ$\\T+(5w2oH?tV\\\ڠiz\T\c\]1\D\J\'Gf\f!\=%:Qݻ%hp\5n۞C\\h-\y\tV\F8&T*\x^|J+`\']\\\\HwB\<\\!&\\]\_\A<o[&\\0Po9&9\OY\\0U>\:D\x4CE\r\^\C1\\\~eaBJ%!oobB\lV\\nN\.n|a\\T\қ|`gH\Zr7kA\1fU7KŧO\p3GR6#\S\\^˓`^;\z4\6õγ.m\Vi\\5X΋\?l@\u\F\\\Z`\/ļa\\0~b.U#ۅ\@;X6OP.\{,ye,\\i̱\\V\r\vs\,P?\3F\cR_N 2b\qc3x\iיﶒAf\/-nʏ\\.\D\\"qCTiL|#	IrqU\\-HCiO\\|޳PSY\/.R\.v\\pA\V\¤0U\EUyylsR <\5)\\[\n:4핿k݂R)\Y\9\RёȊ\\vJ><њt\\TT\r\X\,\Ltu\o{X\Z|@qx\\lxP|:YI[\ZJ\\@\.hg\\Q\ϥiߎaHȯ_\]\{kD\\Z\\Z#\$̷\!8pG̲\Z{q\\ح(\x	*^̟q̉N\m\\\ç\?X\s\ɥ\lZN\\4%Q9jЯ\r<:SK%[\\\}\K,mv~,Z9\jT++\GO;Km:\\\\fL@O\X\n\_\nĂoU3{n\\[Ȥ1a\\hC-x\ʙ,\\8\~\R\1Ew.\\Yy\\\[\z\n\[\"V0|r\L\\tؼ4[\\ڱ\\@2#ꪢm\\yX\̕Jd\~/\V\t&\/2LI\b˿L4E\+Br#&\,љ\%z*\q\e\.lq[nvp}Vv!R^/>\\Pѧ\s5Yu\Ǳ]MO\ji\>V8\$\\Z\\\Za>8၌k+M+\J**w3\]IinV\o\\'1\\!\Zw\~(\rAE^s\|p\)S\KM\hbBˋ\;4ıGvH\bv\SR|9@dfa?\\Y\TmC|W\3s3~\	I8[L_ȪǤ-ZuWR\\x\Ⱥ\\q\\Ňs\m\oy\'\z\\\72˽\Is\7?\(C3]	RP\0Q\[`\3=IsE\\ya9]`\\f\2BIP=`\I\'e\{:L7\w^v0G![\\NY\ak\\L:w\\:\|ৠ\b\O\0\\\3\YK\\8`\nˎ\A\\ibw2ܤFWt&Lx4֩Jfc\	Lcb\Im\\Ӣ8]Di\'\\~\\tȲ\wVӝ\?[U=?\\r}=M\fFz|\\K\?oX{)p؝`lYY\F\p~sߩ\\PF܍`l\V¦\yɸ-batdф\0\XK\\\\l\"s7\"\\k\\*O\Y]N``j@_k\\)\\\\8w5|va\\@ߝz<^k4\BMĖ,!>_Rks\mtτ|AEOKm\T~!39~Aq𡾪*W\\P\r\\\\ZOa.x/#`tǔ`^b/\\0ҵ7p\FH\52\ͽ\r\ub2[iVrZ\I\\\L\x}}}R2Q::wte\B\rC(:ݹma!G΄\6Y~\U\\U3ďoy\\\yZA\\hO~PЊ1v\\MZO`\C\]DǪLUE\\\uւT9K\Q\4\nٴJ\\\\	hg5\e\2堎x|\Ƕu\PX\"R-\R߼j3\_#w\<\v|y<Wm}Z\\&}IMkF\b06^\Z\Ԛ\\nF\c\\\'{U\\\r_t\0Ȼ\k\2	;\Z\x^z$\O66\"\8=Y\di\\\\cM\\9V[V\\֋\\\n h@H\roOit>UI\g\el7@\O~\b)0ڦ\\0ל[z\6\?\	<UiFy\o1G\r\(߃6yX.Y\WxI$\\&?)CX\g#4z\]\'-\	ܞB\*,u\F{g\\\Og]&)P@T\\\\AQj\ڠVǬm\2g*4\'h\Z:G\\P?gr\*\h\JH$i-$\\Wm{\\9\(?[PS![^iX+\Z	p\\\pGsQ:[\Z\\AZ|r\w\\0\x\C\\z\g\z\!	gԱ\hdj(5\/\\8]\\RLOUim$\"3IQN_v\B<snރ+\\.\'s\PyA?1\A>%||\\\\^@o\0y\tZ\hw\K\\"\z=4\h.\G{M\4h>92Y|{\\A\\\'\\\"\Ֆ̸r$`_QOB^+0\!ߠ^*\^[\V\0x?|{|\\\Ax\͎7̰I4~ˋ5MbG`\˔SFg\ae\\\rcbWU[o\I\|T\S\\aq>X*Pfb)\áƟ\T\\C݄R\\\\'BV\\'\.\Z\\s\\/\\΂x/\\\\\[\rOHsh\PѬ4}DXm\3J\¦t\\|\\\`\O9nW\lr\e\\X\Չ\5\\\\\n*\8TE\*1R\\!\\\3Ze1A\\v0SYj\"ܸJ,}>\\c~@|\#\J\\0E鵅\%˟_T\\5\qG\a7ggμ\A>`&#`5\'0}~jinwr\\-\V\-\w\0ӄA^|9/g^Q<݅.\L!H&\Rė%>(\\\\Ӆ\Zd\$\'K18[Cows\ʮlW}N\\?*\\U\\nQ\\\'X\&=:\\\'[\f,oH]p\n\֖g\<B\\x++\z`3h.Ԗ)\Sl\ǥS+)\kF\'\\m~\;?~K\\+۬0Ixm$lg,\\Y\\\"\BV[\5\6[jr\4\\Ga}0\nͺg\ÿiy?\57lLy&\\0\\>-+\Ih+\\r+\L-\!W\"+sę뿨\r2UP\\Z	\\Ś<\q\hERc+Ƕpg܍s[\Ϙz9\_+5\r\\-IjEaIy\\kN\-F<\K[j;ҐS\\\*\n\Z\֬\p,֠S@Sm\Aߵ:.o\\b3Wuew\Oi\0\l\,\nR\@\I}\n\u\\\"j\m\*dS\;A	;\"\\.S\Z%\\oj\E>8\G\_sk@8?\0x#\\֮\\Nߩt/^B\\ޟ\-{NFz/9=Dp*y\sc\5\ \>Z?-\\J\l_k\[\u:Zm\:\g7\]\\%iq\Ad\ّkUJb\ẚ掤CK\:\rhC8|\v\:z<ܝ\\\#@L\\\B.6\.\MՌ\OjB_\>6,Y5\np~	d\\^\\\\R\r`Se}\I\aFa\\!\,\\\P`Q\\Z\^(R ﬆb.<\)jgK7_ݎj\5O\\2h\n]_cכ\\\\.ʫ\\\.\0Mq\B0֓aQ	\ne\:?Dwm\i2b\'\\0yx\'\f4\\"\ۃʋJ)L\gtt\[FXFL$.v%o\0\i.SUC-^ǉo\H\xpl몴/\\;\Fa\P2\j\%t\v`7\o\X	)y\G\\w\\\ػ\ږY\w$(t\\|8mԆ-\U-Hq\}_\%W%4ayg+B\=)i\}\<\\\@`W\\_Q8\"pU \c·\ͩ\CS\Jzݣ\n\m!\G\!X䣔	\Z\&z1V5J\r7X\"\!{\'[;	\W\[_K	F\\w\glk]-\;^{*x\\j\\\[\/_a\\`zGB@S~fNt$Of[?P\\\a3p\i\E\nv\\\F2d܏~\"^CyLzBdsp`\'X:kVi}<?XWiXϳ\\'lԜGMtSk\"һb^\\[>.\ H\\\~sBuC\~%/\}\<=c\'\(;ΞXL\%h\\/`\&\\0\\0盆ȤAO\tB	FPLj\\+!%\ZsEmHF>%rM\ҘhMDd!\\z~\nJ0VpXH\E\n^4\D\\gi(FU6\ڃ0\g\x#\#tK\mKPR\\n\\ZB\(-\\r]\\\\\c\䰻\2R8\c\!.l\\\\\믎 3A\\\\~Q\/Mљ0Q\Z\ϩ\'c\\j\|\\,\\3c,)κ4xǲ= \W(\ \\\\\\\\Kh\Y	oBz֖;Q[35ѝZ\j\"\z(\)O{o\G:\5\\\JT\^N\K\\r+\+\\\P\\[sX\+lGO\?as+6\\\n輯h+\XHqL\\'J0\OF\\}xyMz{\\X[ً>vO<\$\qҫ\KN7ɧ%A#L(In\\'\Z\\hSH\ɘ\r\\b\_ģܕ\\nX\k,w̍\z=\rn}\\\\nkPn}r,Q\\\n\h|uO-C\I\I!ٵ\0Ҙ\\\o\Xġc\MK{d=\\'\0%T\gȊ\\\O\(\y\\QSVZ\t\\\gIǞs\9V?\/phǉ?v(\|>J\1\\2oYX:\)R\'\QӸ\nm\\\\\o\LQ\G\"5\\\p$1<\~֡\\\~h9\Z9\-9kxY4{\\	\3(C\#\"g)v\{ϟ)\==?ir7\\7\6\M&zr潷d\\bM\6*f\@\\BH\\\)	p\LJ,\FTI\'1\\r4%\K}\w?\c2o\\@}(m\\	?5\(;\<\g\\!W.g_GبP}Rc%9\3C6|2n1\\\\X2Ãgul\N|6_6x\\9$:~s(s\"d[\\wC\B\\\pP\68\\_ksGodc\\n\>\gk`\.8o\>3D\^,\i<\0\}\\\"4)ܼâK\\v\ْTy,K5\\rD}\\'w&OzK-⇦\\ч\-g\C[|(D\\\\|K\21A\p\r^grZh/uDGyJ\}MY,^\"\x\\H\@ọ3\\:Z>4[0	yI\Z\ӥc?\Q1~H\$\h/+}_o\\g~\r01Ӝ\*\'i#WX\4h=\RKc/\.s\"\\\\E\\bu\O-Y\6\^{\\r\\kI\0\ԙ\Q\W\V.q=A\,\ripq\-}\\;P\.33\\!{(cs\C`*2]\\0~-\\\d9\z\\\z3V\\y\\,ML>K\	J 26GxC\\\1H8h*AsЬ\YM=\\r\H܏ F3\N\rY\4vi\2\dd$q;\4\'qP\̙p\k\.U\-(~5\+g18&\\dѳʭaFvY,o%[Ԧ_u\;\\SqSy/չ\?\=\B;\{\減K\\\\b\9\U,s\\\\\%\KcȢ\Z>\Ex\٢lIjO\Ǝy\\\US\ܚݗQ\'\\si\3$s\\kkBǬ\W^mN\Ŗ	\2Îrs\݂/;a\\VVI\\bٯiх\\\_p40]G\o\:C$Y#x}dA\<\CwsO\~Va\:^V:ePb?\JE\Ds\\U\.ᤧrN\f琵h\o>\ru\`<?Ze~ɞV;.x,G\\#QBEmEdR4\s\+wؘ\[L]S\+I&uIyUe÷\Iw\\Ϙ\\W\\1	\8m7\r~\n7L@\͘G\iT]I⬴\\F\\(\)fm_\^]\n<;wC\\֫N[s裹e!\4\ H/E!\/7J\mS\\\\\@Z/\zᱳn=\ޔ\H#[\\D\zG9$ׇ\=^P\{pO\r!\0h\05\p\0B\fo\\iR\\\\Wd\Z)\\\\\\x\ew\nd&cu[Y\s\7f\'Dż4wgj\%r\\\(=\(\`:\X\?A1\~añ.[\M\nM\u9vZO}Z<V!DU\[\rE K9}\'\\F\DBpnӫ=\\\\8[[B#}\)\\z:3gٹ\*i\QH)H^\Y\\ts\\pM\+\r+\rlu|xFP\C	l\\`\-\	\qǩ\Z\ӝ\"\\	H3j[<B*\\[q\<DK\\8\\<\Nfϝ\\&x_DzDO\1{_Q\\d\Y@;ibo\v7Q+\ZшD?\r\\H\\\`D\4ۜSJ	\to\\XD\W襄\\8\ݻ\Zƌ*}BB׻KL~B<\@4\6Z\y\\z90\nW^a۟B=>\b-\e\r]Gǣ4]b@\@7\Z̀\r\\+\.\]\H\\\*\H\\Z\q[MT1̉\\\'N8.\s^\Vspeu\oܓ\C\r\b\ak>C\\\"\\\kɌGTNTe}\b\pQ|vk \\\nԚҥ`!0	xƂ]P}=s\S>\b0Y{n\T\P77q瓃\6\Fz\3t\Ǝ#n^vQ\sBo1]>\ݺ\n\\n\#^$R5\΄s\\Z߯Lsp9lr\\T\\%]8ui@x\=\;\3R\fٌ5֞\hm\\\3_\?Yy\\7ֽ\S/?0\Ԟv;\wh!_ӬS\G`\zbt)\Ǩ)\D\|^7t {Nu>~=\\\"/^\"ͯ\\s8|\w	_{du:ؙ9L\\δΙ5xA=+01jN7\'L@\"^\~1\#\S\Z\Uٷ\6&\'^3稗\cj\n$ndUT?\\\/d\2\0\\8G?GZ-ԭc]0\\mT}U5	w3\0\n\12*P \#l/uE\\Z-\\	\e)pݜ\9|m\ڥ\F0$gVݮ۵\\\&-EωH*CR\@_RO:;\\xu=D&ōQ?\ZT\O{	\\r\睓k]鈷\	\2\J)\\0\Z\\m3\e\lSK/DOv(i$S*\*(),Whw\\ȓuM\G\'>ioKuno5\"1ь.3cy~7R\C6*~\ y\&3<TB8ރ),\He|m\\\6rmΠJCUeV\\J\\\\t\\r\rcC\L2Qۺ&G\\r\\\4U\~&ʽoÉ\T\\'u:\T	\H\ED\T\"\0\u\u~CIiV\7dY3&\\\`\\\xc\OߜJ\\">N\t\\\\T\Z>L׎QYfxn!ln tճ06.M^TK̆\҉\Bel2>5\6\nE)t\+\>bο\AayJA>=HNˇN=\\c\\"%Ͼ\\8oV0f[_^3$\\Ӑ3MD~\'+\]F>\L=N;gٔ&^Ή֠j?z\\\\rTF_1)=l&\[__[\!Hgݦ4k\A]u\vW-MK\CMnu\l&GU;$CϺ|s=p[\\ⰵt={{W3I!\ݹ˖ܿz\nW{%ymrhs[Rhr\9\@>G\x/2Kmb3hK\\uwq\\\\)\\\\4U\䁀ZMS\&Ja3D\N\\\z\\6VZ?\#H\\a\\ޒ}\TWl~\b蟸2)eu[~HƘ\\\#\ic\0\rt\{4fEy`]5\\f\m\ =\sXیt\\\\q{1\0N\\Y\\-âj\o\@%\.%\anSr蜑G\\Z`\\9\:\\_a_\]k1$K+>z\	\4\<$H\mk/\Y1<}⡿q\\z$<X\\\2LYRFf3~\0?\:C\6\?QH\\igx%\U\U4\a5Bxqt$B{\\\\E\+Hحno\\Rm2\?E\{\؍\Ǐ_I\=\Oap@\I0\X}!\sӢ\,\0zV\\:#\\ϩ\n\\%|#q=lb0^9~\^\8G?KrLΗ\PŃ\MW\\ofS\N-\r\\\J4j)\\3;8\f\mƔ#\"\\\5\UIqz\T.=3?h{m$UC)\}6\ܴg\\\]d\\\L&\z\\$}Ȣ&mH/Ǣ \w\?\;uafƪ^n\ʹAZ\-nFdOӶ6@\\|ZϨZ=.<\\xnj\\hV.\bA<$KC\\\\\Xf\<ۼOnVĝ\P\9ql\\r߫(~4_gb\3q%\:0fǠM3u\^*cGQZ@\\XC\\\HwE)Ә[\G36酪>\\ZG]!\]w\7S?,A&\\cłqg}G\\؀\kpMnQ5ݢ~{<ZԘ,\3\}z;\c\\\\dw\\l֚8>(\/XrU\1[ypc(	\IȧK\I\)	\<\\k\pCs0(\JT#[JQp:z\Z\wC\eW՞A\?}\\\=R[\6U A:.nyd_B͛˽v\X\K\S\n}.\Եgrl\xH\\5\B3t8^֏uMH\\vM\/Ȝ>/kgE\oӝȢ\0Ӿ\Kk^\`\-=)bP\\\ZڃO;9\9\EBuR\;\\dSSPw\lF\>\\B\\M^K\F\i?A\r]g\-	$\RQ\\D}$:.D`IoJ\/lEF\"mn<\ޙo\\\M9\\\eƭI<dY&\\dslw|\\Zb\\\ڭq\D\j\\\mV\\Z\C杓)NŦ\\0QlIр\Z\n\'V\U[\r~\\\7\x\.\4	ś:Џ\9U:\\zO\D\7ČBZ\rH\\ا3kx{sQ\\L8m\\\}\_B*N򴙮:(\pzg\+\\tSiz9\ҤpVxʔw\]\_Owjnn\\"OX/; BL\\s̰~\\6ru\bƒz+\\\XNK\b\fPm^N磄\=M\->pXʾĽKO\\ҩ_\RoTV\y\sD\8\\~wy4AF\AاJ2`ીAYB\y\am4N(6}J$\B\hzanNz;Mc\\oB\ʭ\eSJD\\"2\\9J\rj\>5<JqW\PbՖS6\\\\$\	\_o\;\@	_\\oO,w\\U8\\\*c\>ŸP\³qc\rb?p\1=Ne뭎\$\\eK\Li\\ɻ\-5\VN\WN\C{\\J\n~{f&\\\\0Q\\\謑2TB[g{\0ޠ\Z`UĜ\&\\07\\$Źpޝ\\cڜ\kR$\\xg㏡a 5\_ArA	\ߕl<\U\\\8\ƶ?-\\k9/>J\+6H\yuAK\up\\\{`\WCϮ_+x\}\)6\\\Y\Q\DkB\\(\T7gGQ?\:\nIS\-	5(\wE-A\{Hg(ݾ/ˇ\'I/K4\٣	MF7\)\\9\\kI\Sk\!\fC.)Dڏ\f;t\Tt!vM9\0\?~\'3k\\N\?pύ	\\y5\\W*i\\e\n.\\t	\b\7h-\g	Z:t\\\Zn\IϺK\\6\迸&ŃG\\聸~9\`_\;b\n|W\\\\8VC\ss׌\\2\ \OFTr-\\h]9\Jݖ\"\̠Þ\-厣+W:/ \&\nRr:7w\<Ł\p(\\]x%\L\n\\\\[ƿX\ZW\X\'[,z\P\IBiez\"E\\\-\?{\\"jxF\,!&J^=M\\C!\ٓSv~\\\F(\G\=tK.;5j?~|.	\*O\'\)r\'%lS\'DИ4G\O|ޭ+Cy7ώ\[=k(\vE\=\$&\ƫ\)/?UDN8Nw\\r7\J<{Џ4\?wכw\q cI\{\KS\fOb5.\-͐\[\\'#鲽hZ<*\t\q\uS<r\>B>\\"eN\\&\5V\S\\nJ١w,91fLMyw\Imd,SEK:@\_ޣS\pH\yM?RƊ7qxak~\I%\RG_\YI$D)\\JLrX*\\\G6\3M	~>O\Zg\>ZCL&ʴmY*\\Do6hG,	~J\0ܓ=\*\:\Bթ[\'\iC_\\i\LkŚEc\r\?gMh\\ן\?ۈ3m^|\\ZYyuOI\\	REwy\Zرsj6c!p\\pj--\LLg[*Y\zvŊIϿ#\\\nmc	Mss$\\h.Új\\!\\ƣŷd\[`3l*;JdLR\,\ޝR:JY|\I/\\\:\n{\\\/\u\K\yZ\[lR\\\̎#\"\\Zޭ\-OM\+\b)qW?C+D٭[;p]\Ϝ)$&K+A17\n\\L@x\Q\\V\XJAlߘq\EwÂ2\\.ǢÉ5g,&-dQEKZfx\z\MeI\\\'RVX\\'ͩ\\\᪘v \7T\T{^|fcf]\E:	Sr<\\A\r\B\5{R\;	\c]a\4:(F(\](i\@\ȇ=E5\t>D*\]W>\x~v\"Aj*q-3\Oh\c\\\\BQ\\\;#Uͨjb\Q#	\2ôM\\֓6\9\\[27Pb(,\t\T<\\'\\I6GB_Hx\^\\G3$yvM	w_?P&\v~iSH(d\\8%	\\\g߹\\\:U?IxS&mF(\G5\E\U\Gb-϶(й^\Wq\\\"\wc.]N?S\2ȻDӺE\\I*Xl&\'Rǘ\Cq\+Dܯȇ\>P=f~\\LE&]s)|\a7nǤoM+򛊺\=x8p\\*`h\\@_(cs\b /\\L\q\'h\ğKG\gH@?\U](a3M\\\N\\̓h\[\\X.c=b\\</N6viq\\fl#?yi\Q\n4\\,\\\]\_\]nk<ҍ\Ot	\W-%.[ mJ%*{\~\MRjQD\\\Q\˟Rl9D%LB\\\^O_g\v\0\h1^/?\\	X\]8\\\0KD\e\0]W#\4H?\\cdH;2N]\r؏:\+N\\\L\{\KCgT\Ԋ)8\6C\"|\\b\\)\0M9>܉\rd=a\vI\+\,\ՠo\^_p\%_PY{\dR\i(	\6K.?5қ\Y\\$V.\ϔi+\V\zl\\<׽=kW\\?\\7/X\~PҺˮ\94f܋/MKQ#t$L\ȷ8={jMW\\!M.\3d\r\\\\6)\%p\\9c)?	\>\Z\Zw߄=<3nXk\?S\Vy\8+0\O嘾0\\_K\\J\\`\a.:e\rr^&\E\V\\rMoZ!v%<T\Z\)Z{f\;\n205)=\Cv\"U}<y໗`Zv߹#+ا:/\0\o:QImn֍w,W\-b\\H\!a\+ JPksc?\\\\W\\'-\Ϡ	\(\o<dA9n=\\Pg\}\\\#3\nXG\ZCY\0iwhfdh\q:z\\tE~l<!fم`:\7\e|o\B6Q͸J\QJ\n\dNED~Bj`Z)?ˉl\\\݅\\3\FABxsKk+%\2R\\\\eCu\UtHqHTj\j\U\\@kM|\C\h3m\-\JS@[1	\yǱ\\-Z]Y̳I_+z;QL\mx;esfNWϹ4\\{:Z\i%B5\fXE\*C\\8@\}M๑fu2\)\\\)\\<\69\h\B]Rl\\G\g8Œ\7<57\"\r\\.ݻf<_jo\h\F\YJz\"I.\".\h\Wd٪KU`k_DA3\1\\St=>\M09tcB\\\nL%\lG\*kqs%\V\Z,q\"$V\dáR1,$pO3Qv\oP\ë\\X\5\9\\NG\'1Qn\-	.9xʱ\gR\̹>#\XHv\\\_h\hFe\6ߏt\hk~:J)0\ʵu#\v\UdFθ_~\\[Q\nP۸\.\\\\\-\Wkm}K\\x\G\\s\nXNQ;V;j!\S\\Zfj\c\\\	l\,\O\SI\X\o:M\Z\\\f0p\r`\\\\B:&)\\r\DR#f\'	L-ј[&,\3\P?,+\7J\\n{\\b^\nD#Z$¤\C?QOrY\vUfyoz\\\ĺuçd\\\B)\"M深\	;\\v\f~\\V\-YKǊ<~\\]<6\\\	%iŲ3W1A\7J\c\A,ccP\'C_cꠠxt&K89\\*g\i\\%)\jg9(\ɴ,\\\-\\\lvuȦK^\@M>d\zɵכC\\,U_4\YgʗﯳA\\\{\\\,s$KK\Z\T2q[V}Lvlٿ=.HGz\\\^A;9B\\\2E3E\\\\u~\ZD\\:|h\utʼ\Z-/z \td\\")\Y\Z59+Ě^uhHƽ\Z\r^8+,KкR o\">NL\ܤV0$.\FYջ\En\\{\ǴyՇ@\z5f\M\\K8\|F\'my*\!\&xjc*V\2\.k\\}˙]f\0$@\\\$z:\`\v hI>\l]w[-P\!qE\ڭ\\q4EXɵh	M؎\}E\6\O\\s@ā,&\4\Q\\yC\uu\\nҮ\y1Jp\U+\\bVMtC|\֝,\Xǜ/Ӱ\c\@^\0\TV]zn-\Bd\:7\%\\lz{\"LwDcdI\\h^FW5\5U[Q)6HͽЯ٩\3u\+bR]\;:,Q3N\ZE5\{T8\\q]w\8pVtN\"\y\eF}7oM\\`V.\rA,\۩?C\n%\ZEuZSd{\"i;;}\\0P@1h\۰24\=i\33i~\19[V3\\\1+	\\\\vl^O$;\bcǘ;L\6}8z\re\u\'>8c߮,ŜK\y\t\n4:/:\'6{%>7c\Q<.礸82A\k%3BU\GHD<w\\W\$iO\i\%.~ǜɷ@2;\х\^\'l<\ZAo`\\\C\:bx)\;+\tv\\\\\n\nIW\\"ʹ#\\/Y\eѹk\P^ \D+\;	nfW\3C\"3d\GzR4\\h=\_\\I{+ߙЫ\3u,T^-ʓIMp\d\0\h\r]\\"g]&\\8\Se\"GI5>l\\s$(\:\\iy\ގ<ØӢ\%01j\\we\\F\\U!\*KX7\\\OS\w\\obp\l1\c\\:\0t7H;v\'A,\\F)}`;	i)/\\Mwϑ\\x\e~\5d?\q \>b6dG\u{Ri3j~sI\0؉\bD\LFqkKd`/W#M\\gRK\ȡ\5?\5\\h|0c3\;\!?p\\1ڽI-Y\ZGlV\\\\\\=\n\uEel\z\\G^Fǅ?\ \fEBXîۘ\\$\>;vm\yR\V\x\2:b\6\<\0\Cx7\\Fj?v\cزay\\+\rݟXb%\\N\\\o(\\\h@.\z\eRl4\U|A\\\\s錊Q\dwㄽ\|I\X]E\]&\P\\\E\]+o\ wQF[g97wjyzq*oI\#\6êfڼM1nce\q|,\\kv0%s\6h\\׆\o,-\\\B\94\K\\\.j1)B\0z\A%$o\\\0!,\1սk;r,\j\n2\>ҠX\|Д?R]} \b7Kxh/:\-Ǆ\r-ΒZD)+l\B\[\Gqc3@\7b\\W\\6k~6끥¥\`%vC[̒iͭ\\\5\?n^\\\0\CSL޿KFk+GQ㨢!B\-Z\x#i!\,\\>/_,_=/q6\;23V\'7\\{	5V5}\\\_t\URAuw\xx\G?A?}~h\A+oߠy\n\r\\x\p p0nx\3\=p\l\jG\5.+\\TFy\r\9\\fQ~xT\א|\\A{,+΀ΏVHw_u\2\\ebLv\-#&噴\X\':\BR3\\\"/\~\\5kiӶ\Kݑ\4@3\L\n\<6\ѓq\\j\\\Q	27\l\\\l}`\ۄ-\'\'\\\@h\gWo\j+\%c\g\\2\\\Rt\|\\\e\Ƅp3x\'}3H\\,J\\\\\n\n9g\"\}Ut0i\s8.y\fz+kOC#:\l\9t\\0ktoVhܢo\nL-^VmN62\o\gҺQ4)\\rՏP\e\3|el̚\'KX?|(\b]{ty%QL7_\Z\G\n?@8=M\nzUo79r<\'8Lá-B)\ 4̥\{ĦWH\[WD7O\r;.,*\Z\Z\oOz\|j[lu2\ZWaVKT?n\CkR\UN\1v\ߦ\Zj&ʗ\\{\%\\'~\\\傂~8l-`U-5&{v!->V\?\\:\(H\\'e3\gnŴR\\\bq!5diN6\\\"*zЉK\4ہ\ڟjv\m\\(k\\cb բ\\\7R\)^kV\\M]T&\dHA.u1B\0|{\)\|\\y\(\\\2TӮJg\\xs\:8\ɟ@[:\\\(\oW#,g\'1\ng\څ8\\\WT*Z6$ \hKbP\r\1\\ֶ\\s\0,ڐ\\\Y\$_?!׋j+\-/\_\ę\?&9?f\D\᳁wy\"\\pQۈ\=C\ܶ/,n!\\"qB\\\\T4Isl{lkܣ\pmlGCpkC\.iˢD=c\N\!IX\r,do\u\ek_*\\SE\k\Zd\\ߙ<CX<ZєO4l\\^N|Rs3q1Zl.\o1\n1\n\Ӗm\(&A\Ud\vr8.\\ry\BN=\"pӥ\w_\+RՏd\'}\50V~{U\(hZA,*\4Qǃ\j\#\\5\j1\\\Ea=eˑhL*\pi$\t\\xP\\򕉕ZSʆ\Z\\7	T\X\\2`\\XO\\\1\Vh\D$^>\F	Tl>\ۓ\\\/\~C\aE\'hffܺ&_.\"+\,\"W\\*r3\rϫS}ZAXawo[#\>\\Z5Su]v\\\҇\\\r2!~\Z5BZ\r|\yw6.]Ζ]4{DH%\l\\u\\m\ZI\U\\\\K\p\nS_%\w(/ɐnm_\d\:P|\wl|\\\POIv9rˑC˲q\_k\9X>\EI}H^\^UI\&c\(\:>\&3c}\uE=s!\D\\\b\pi\17rDy-2\\#r/\rJ)$.)F^T\\r@\Z\~\o8L\\\#H$P2wu5\)j&\\}\'n}\2%N\nL׀9ͷ/m\\';N\:baG\0$ϋ2\*uLvɦ\\6\\\ZA\̢\<O(Ǥr,C]\A9PW&V\T\V\烱\\\R\Φҁ\,o&g\^\!\\|iGKK5<4I)?˄.`\\,^w\U\\(\\̟\\G\\':\\\>X\\9[3UBQ\!\i\"OSmQ7wiL\6tA^Mø\.q\\,֯g\\\LJX\|7g:m\k\f!Bz>Q&\mvd\\\"\浹;\\rsn?<n(=b\L`\V\,\\HrZZ\\\5KVG\\n%xAMZ%o!!fB\?O*l\\r`\O\\\ӓ_m\\Ɋ$<p\/@S{smڴ\g\y\$Z{у;n\\\\9\7#\QFˍb\ȍ\\\\'~ϼ|S*ݘeZ{0|\1}o\\\ݍ1\>st\SA/\ӳ~К:+24=\@/8d.\@ˢ	\	F\	gk&\`}1\--lGV\\*f\\n\V\IQxue\B\¶I%aLwN}\J{\\\V\r\r[ܙ\̻?d\k@l]\SK\V3\\LɇyS0ƿ$\\0!}\C\ \?+\N/<\>\\9b\\%:\J~ЦW\,>Kc\ɗ\TRܱB\sA\#\Xozuu,*v!(\[\"\0d\{3}a\Z\{\\̕q&N2\\4\6+)Z\!\\\x\nڜMqZi=䪏\\AT\r_Z\zR\"\5v\\j\"Y\Y~\ZwJ#\2\\.oP\TJc\\\\V.t2\(4dOϸ\x\\\\n\΁C\qQ\ZBD\-1($Y\`GB\p\ҏk=*Z\<\'\\\AWl\,\UqXk1 \\\\'\;\?03)fPG;<,\\\\W?ϲ;[Z`/ݳ\\#l\+̣-\\b\ܙk\gjGZ\0\92}i9\<x>\"\\da{v\=M\ᭀ#;\wþE\F0\.m= ڃ7_峍ʯe=\ⶮ\<\06\\|\ܤ.\0C:\|YMغ\hU`\z\|a\1/\`\vϖ\\p\~\Nw\\q\2\s9\,W]\\j\1ߢ\\1L\\sC\\>NO\h<Q#\\*\>{V\\Dc}xw\.{)H\\\\`Lj\f$5MZ\\\Ϡ\]#\\\å2Bx<Gߋs!UTE\R(\lK\&m_bcQ8y\\\\anߝ\\9\\;~P\rU\\/mzz^fZ\\\\\V\\z\1\Z\\a7\A\𶯇(\L-+:@\0Ve2?ҥ\dW\b5\YF\ie}\nxq\\Bgƴn\\T24[\\&\>W\\q\>m>.7}$*1WI߄U?\W\'B\l\nLI\z1<\?0!5S&7C|@,-W]h8q\"\\'k\/\;+\ڙ\\K\?\>ɜ\X\\?U1od9&/.a\\e>P-\\]t߅ȗ\\\HeLh\r74jY0\?|Ig݇uN\\a\";͟1%Q\*#\\hl*\\r\MXck\\\8\G\$J6\\[<G\:-\\x\\rX\\A17PsJN0s\\bQ0\\O͠R^?ok1 \\rȜAE\cK\B*ˌԢTwi!jI\\qΝ\y#\g|ͭ<\r\]L\(\\f7ⷋ\^Վ̿s0h%@y\n[\l\	\?+5\hJF-\*ҿ\(\u\4\r|(Ϟ\\$6&?Τ\\\p(a՗ǐiں;\pPJÝ\0\~s\ED\"\\{N[\D-hfUŴd\\\BђR_3uE\ܓ,\/u?\\\9\\'\Ir!`7r$\\0\j\,;z\8Y\:w}y\B%-\cݰc\\z\\\bǫ\\\y^F<R\\s/Z\\'\؋ߟ\o\'?\P1*#UMA\U\G\'\]\GsݵحZZ\\/b\6}\'9\:iºp\,\k\\N(c\p0_\0\\[c\\l\\W),\\gXؓ\XY@7`W\c\\\>oBݒ`@Lm|2h\;\[Uz\/;\"\\BŘ++ۖ?\^z1N\\R\\M/U7-c[|ڦ\|~\\\d~DCy0\v{Yһ0*r\"7K$&)$\J\G.\\\Ǐ%\؊\0;\A\i\)\4%\wa5mJ5\PKS	؝Pfύ\\\ZsZGnI\b(\nUQ֊E\m4M@\\bлGaVˌ\cf2\lxKXj\$\\&o4\0ͷ\=_ |\'/\\0\0:5\\Zw\r\U\p7\\0zkmk\0n[\\iٺ\#4\cH$\r8]\VO\w\\\ZfR\Qe\-&\\\\no,\03\Di\ۿ\{\\嘂)\$Eu䯵L:\d;b\J\N\lg*YHjҭHz\\-ۈͻ\{\0\"+(9$_\#t6<\l\nU`ry\r^zsz@uOî_\\n\K\\}P?l8fl\ٯL3\d\Z]9-VʏD@9>.їmv{\`tY9\'I;\!\' 	Dr iWwy9\E\'o\<Y^\p&\\-\|*\\(|lU\cv\rqv\[Q\"\'\\b_\EpY\\g\\\~\W9\;Rű\\4^k)bns\\1)\ιlKy\ĳ;֔<v}̐&5\}zo\\Ei\L\V\Z\v?&y\\gہwH\酤l⊵&\-\ZP8\\)͒4ڴpr\Ni\4\q\ry;[ZIԏ\ǔ\\\rV]s%qo\4JO\]_\0f`iymMj4kߕ^T\{\47\^lZ9r\\\G3CsOo\\Gm\2ԃejx\\N\\0\nNQf%\tu\\p0ܓ\"UAPt\\\\[1\0|)\w*ݤb\0Y\9H}W%\0\0*\Q|ׂ\'NhǠ9\"\M!\^\VJ:\\\\{\Z_ryz\\r3]\\~\Z\cc ;,gHEq\~PT],t\0\ kVpTcZ3N\\n\\O5;-֗x8cVKhebfD3\\g!Y`}މi\|\.\r\,\6S?3S&-TU,_¨\\E[\1\	,Mڮ\\\1^\Ji\\ng3\yrZ\𸳹ƪ?jY\\	R=\$1HmKL\\=)Bj\gE,[Wٶqڋ2\\0;!\\\\\\0l \u9WT\+q\\<r. 6\!5~fV\˃3\ZΈ_է#j#&&\ \Lu\pc6#	\;yB\f\x\ЧV~;$+n\\\\\\j>[Kd^uD\v1\\"a\+_o.aP4\-s\\$/\h\X\Z\{\w\/]\:^\hZx\B\Z\vɘ\\I[\\\\"#D\pJ5{ǽ9wI\q,1R;\\@RڰѷJ\	n/4\\΋Xf\Brw\\\iXz\s{ai)ltXW;\\ȧ\\;\U&̲\\V_yJk\ʵ:r\'N{c\\\>K\p:bu\EB\Z1ADId\\\<Cg\3\s\N\x\ܴ\8FS<\Zd7N\pZzAH)ކz|lǄ\o\nG\\'\ߋ\[&i5/NX\/\p|޲\8	em\L\\"_m\0\ \)Gȵ.\\V\pg˫	((H\ΆTr\\Z4DX\拢\?\\WYw.\ǫiqPV(*W\"I*\[\\\N\\\$7PBN\v_\*c2聃YEk\IJ{`IwG@ڡa\\y\zhi>\'#u\Z\%\ 8Z\\[r4WrH\\Z\j|\N\q\O\'r\"\\1\ꁟzhc89n\׌Ea\e=\FF\\EOn[UKi\kqrz\;<G,\\'(]Nƾ\r̹sƠ[nL?f\0\zϠ<\<.*Ϯ6n\\\f\7\zuXVנ\-\$uPz\nL^ҔSNF7;/D47\-\LT\M2K\s\rwt7vJkŻ@\Ƙ!ϝ\\o\g\ψM4\\Xp$@\\k{Ӆx\\n\|L\KK:\\\iSq5Ο>+c\a3\\\\TN[gG\ \g&fjpi\uq\ɪW?m\\\)lپKS%^p2\6\\`ygR5ò3u-Snllz\"§S3¼\/f̴xRpoy\+~	oa_\Jñ-\\"WV\"\"yy\0ȗ\}\fߖ1lXH\\\2~h\K^v9S7@FeOʙ	bcU\y1\Y>m;\\\2a-\\Ix0\\h\\ղfW9\%\AB\P{`#$w\\0\Ӿ\3_\\t\f94\!π֟>牐v\>\|.$\7lo\x7\!4\\\0\Y2u5]L\\^\\1Xg1\ĖE?/2ٽ\l\*a\Jqv=\K\\E\ۜoz*\"4\c2\N\\W݊WE\\)t*O凛\⥶\\\<t9@Q#Ay\w\@\\q\4HJvg\s\,=\0_\;?zr\"Ee^_\\\(RE\iwNcv9B\D\0~\BSU\n{/\-qw~Q\[[\\oT\r\=\wB\S\\z=jG_\Nlz\Bp\\\Oa\z8\'K2NOO__Y\(1M);3\Ey}\.5SK:r**\5|&#_TM\]D\&\\r_64\3@/v\\u3\;NFQ{n?ۍɎ>\&\{\\'\\'\Z/\\4m?\"\ʔ{&D#`>)@k\oY\\CK\r\v\!WΖ\=S&6\c\+\9Pw\ZO\Jy<\c(+u֚)n\\C-/Ah\0\ЧTwiBEu׺8WxR?|Ɏ/\2\\\֎ʄ=Y\!Ǽ0<а\>IV><[:^YFi\OL?=\VbWK=B&߄4NEAhS\/1ݢm\"*]\Z\	\Z\\2\0j\n\l=Q\&\\\Z\,8[kjjkY\Oը\iyUf\\Lӆ\\\n}3Jz\\\\3@\bN(\9$\\\[!+\\c\.~\@e\#T&\vޙޖ\"tut]\ryڴd\J{TkB\l ׮nb:\67Jyn8\NMXpxI\E2G\\Ъ6]R[\c\\\(\O⼸}s\\8\씆(\_b?!\x`(+X}hm_pk&UP\o@DA\6EC-~\\\R2\f\<^@|)\G$Ap\\\\Lz}?S\U\\~$b j\\w69뭗\\_6YbC#%J\\iш\\F\`\\ފ(^&Wu\VN!:\\OY\'2L#\I\L\c\\ހ_|á\[>\؆0@\Z\0:^56mM\\zmOtZ\\\|v4 \v|\?\#-\'FU\\\\\\\G\nҤŅXx\\4\,Z\0a⻫\s΁\\\$Ovן\Bo\Չᑳ~f\A\-\V;ʀѣq\\"\y\"\\n\S\r}刭\\\ȬZi?\9\'r]\\t*S\\\\\z\PrF\ZkktV}?tqQ|.6Lجw\\\\\\\Zz2iuS[F\\nM6\K.\\.~~^\m\\	\C=\\\G(*hFR	g_I\[1\!,X\V?\\)\\1N\\\rF=vh S\\rR큅$\\Yj]2~wV~\RʧGN\m%j￙=%{Y\nF\lU\rXĿn\si\Z\V>ĺ\zV>\\<\\\0\'Q흋V\rЭ<\"G5\,N-\!a8\4\\/}.ǋOFF;\o9~2\iNVo\nc#V%_\Egll\n\[zNjоN\'\u\c\U\\O>\$2\0\">\Pjx\\T8!\Qr\U75\\?0|+;r:/\"\\\ \(@q\Y)?\Fe98Uc\=\UaI{}׏\nt}˛pP\d\=)՜u\従t\^!$)0yh-~!K^^9\9\|\\X__9&Ψ\n:\\4z^hD.8_;\idؼ\'\\UTܶ,!,wm\i,xp\\\\@pm\!и4\\\\\Z˷>_\\\~\\jV\ZkuS\\*v-o\A\r:,LJ^\hʸ\c u\rSRڴ\\\\Q\4GÖ\\\\'.\.ұ\-a\O\'\\Öj\\\Ef\Y\ֶ?3-ǮbD%9C\U\^Z{\м\\\r\+\#v\X\D\F{%\Z\Zg¸\[iڝY6%\t_la\\0%O:\xA?3q\r\:R0{\nK\*\\~gf:ADQ}qo\\A\\\k-ރ\T\\r8@T!mn%?\q\n<,\MA_4.3L⎤> \n\rSԥ$qG\'KF5=ysX\XT(V\'5\\"qe\Ə6\ȿ!\/*{cl3\"\	x\r\;dR_\.\@5O~\\<9\[:\pzZ\!>hYRJ\+\\_$]4>c)^	ît=%_g\'z\z\w\>\{$\Z3N\\[_\6.GY\m\	q+޲>\_h\zx|zfOXdb\\6b\I$\\D낮Ӹ],D3y_p\Z\A:/x<Z\rE74\Z\&r)kld\\ٍa\")a\G\%\\"u\Fi\2#\ZU>;6Qc#7\l/?U{C\NF\r\`~\jDz]VI(b\FyV{WA\\{\d&\\0_.t_%{p\r\\\9\)\\[_.\\\x\\j&|)T\1c){S\|(7\\\2$x4*f\$\֮=\\kgi=\7\\0)R%|:\\\0ĢNH8_GvGv-\o9\\\\l6y^zq\\nhl2}ݫ\\\o(.8xϪז\DZd2=7|_\\\\%Q_5,&\YI\\X`\9\TM{0;/Hp\Kr#Ӝh}\7\\rggP7-\;N\ˉ\?!1%\ hf\\\rs\nz\\\B\_\:N<R\\\0\\=;h\ARdTLVt!=E8ӵ*Tр\v	\ܓӶ3`]R\\+O\g1\ x\EjE\<\\\0}\\6ae\5Pk\ו5X\po\\)PIu\9,w(hۋs9`\Ζ@$|\t9\\\P\\]m\,jS\\\TF\'y\"{\\*\\zXH\d\r\@\0\xT\Z=6n\\]\گ\sOVxխΏo;\\uo\\\\rimO\\s\\\(cHg9\"jtG:oop\\Ʃ>՞w?\~\l;F\&&6\@O\V\\_WB\t\\sb{qw\n\x\zbOmg\\6Gk|{A!\X\%dpA\I5O]7Ac9r\C$)/H-\nӶы!\l<\lV\0g\\s=kK.)4GA=K\n\\6W\H\]tEwY}Q\\\\nbLi[\zh\3ܴ\9\(yWR߽!\ʕ=U\՟lS5.m\ׄx\uV{}w\nj[<\\\Zj̬Kn\pSX\_\ߴ#\\\&\\QF\*\"\Jm[=\>9=D\HqX\ՈF|޿\\ݛT\r/Us\|7\>1\D9\\Iizt\N\i\7IR\nȹ\0*V\3\Fz\S\\!fW\\^akm޽\S.\m,\{77\"17\\RY/[~\r\vh\㍾Tt\Z)\\\\\vkk#[Q\/Qs̷\\]u_&5Z\"d\\(i=\'O\=k`<;\\\N~\~|X\?[^7Kӯ\8\uu\\k\\\rKm~S`\aze\\\#3 E\"	OI\\#3U;\S\\0\\a\BoD!Fcwtd\I\\EXݩaVI5\KƧLh&̦[\,iW99xRMW $\:L)@_)$5\5(-C,\[^$+r]J^\}[\\\\C1皠>k(UrG3\3=\h\\\s	\=mٮ\#6txF[S|O\I\r\BE\\9d\zo`Z\$5h\\+P\5\~\\\5!uo\\XWu\1\\r\Iyۆ/\\\Z]7xy\\T\'n#\\/\\TfYkֿ\٭型xf&,J/HbA\\o\Ƹ}J~\0\a&tzP4\\r+\]\+FvEV\\*\ۃQM<8Fb7m\\\}\\'\\\n.>\8U+qQ/\$\\\ܲV\\r<5\N2%qΓbSu{I\\\GH޴\\\W;p\9;\H͞IPR^bw\ȸNf\ۊ`j\_\gYU۳Ȟ|\\b;iZe\\tDWŽ4n\yP4,Ģ$˵\\D\MG\\\\\R\hv\\K~\\n+ ,`M\0T`@\v9Ӵ{ 	O^^pR͍J՚6-G\\\"y\'\zK\L}^`\;\\\E\vu\Y7\D&fBÛZ)+|<F,l\\\%\U֕CY\HF	oZ\I\\nG6)*,|\\\\'M\[\9_\\ȏ\\Jsre!\Qѩ\uB-\HM\\'pI~c<$\\_JaX*\rg\\]<Csf\T\\ndj{.b\)^M0W?)qѷ\hH#Y\nd\+K/p4Q\B)TȱT[\\\\gj\EؤMOBl<k\\u+㐂m\'i(\tE\O\}s.* g\[\A\\\ S\\՚b\϶4\*#\\˓c팑-tӥx5+\ySC_}ຖȈ\nj\ ǯ>$\Sw$q\"\1!\\\p\i*9k\\=x`KhH\<K<p2у\{Kg̷w-\\t\n\\\g/\uk?Om\\\\Pͭu$\\T\\"ݐ$\\\~@K\\\\\䱾>\Q`Jx\rY^loɁ1%\p\\=/\0F\\\H0j\ř@O/\gHȷ\"\\\\	 o\\B5\B\=\\ \-W\\;V\_\\QVZ;H^<+<^FX3\K+VJ\r]\72UUU)3\I\Z\tpdI^V{bCb:)]\	\,}AmXY`HJsD\"\Mr\\n\f/\\|`\-\21@1QA=\0>IE\\'~Xl+S8Q\ӗإ\\l\¿z\\|\ry\?jo&2<QMa\t\p\]B?ԌNuB	;\_\؛L|F\0\2\n\:c2yw7G0ۥ]ɡ2bLF\4\`\\p@S\Z3yT\:m?>}\\ =C\\B\Z\fuϵLQFred,k\C\r\K9AUdbs\n}\\\0\uDǎlk3u7]S/87ͪ\QS+\dN{E+-%l\\@l,f\\-\2U0زHq\@]u,]5~R\0{ek>i~owkY\CR_Y76{\\\\'=\r\\\Z\"^<=\\oy\̧8³a[F\e\XЛCd\:H%}k\\\85Q[\\ַ\\"\\{-T\V\|@[n5Q\\eĘIS\^S\\u+L߻b\rw$#)1Xy\r?8\\\\9B\U\K	6\|-\$S/.!k\\P@4YFy{\0\'[\\\e=(\%F<\R\gi`%\\\\'\~~7\Jd.}}\ZGwR\%-\C&@\e<O\킗S^pzIm|V(\S]7RMfIƫ\3X v\ve+SM\`\q\\nf\;A\\0lH_l6	2\LN\_e\n\Lћ\nѨDr\'\\!\M\\\I\=\%h\ʒw\­A]&)QD+[\'	<l٠L\$~Y(\ϴU\xʉr/\2\'\\׉Yz{1C̚\T%EH-¯\4\WMuK\O\c~\"\\lMRzk.p\HI\Ǔ2U?AT1}kP\\\\\E0vp똡H%y\O*\n@A\!뮚f㺏_\\Գ|\'\m\Sn39wJ5\u\\j\i\|\.wȽ%`\\<a\\\r\K/)\(ΛS\\&c}|\A\niUn]8Lh_	ev)\)(p\s{^\\wt5aUUV\\=\g\cv\C`\/z,Tg`\\DIoy\'=S\\	S8\L$I31\0\褡\H\?\簎\u\ݜxz\'\_\)D\\P\z\\\nI>OQz\[Hߜ\nTJb(Y8Ȧz*e@~YRi8~/͙-W\P%^R_\O\\'>u\L\\0\'\!\\\ı\k\Q\\SE\\۝/\{>%\u\i\Z\\Zd\\)˜vk-`)\0\\L\\?\T&\ހpQҙ5Z+8s6\Z/o\Fvol\B\'\(\ \a\v\F;G.\$)\M\\s# ?\\\'x \7\\I\m$\"?YS\A|cw/A}zyo\\'V/\w\\"\m\n\A\\\\'ۅb`R+-¨o[8TҮ\\\\cFhC\߫}mߦ\\\IL߃\\'5\rG񏀙NԂ\\F`Y\\"L#P\ЭI*^Opc\\L\\\Zj\^)?~몼:\oi\yRx0>4l\8\\g_=\2\%UM\G\w\C`c(`3f7g\QN\\:\n\\\\×Os\\ns\49|StCFǦ:l%TڥE\C:.\#bI2Ǝ\\\0>D\t+	\C\vM\6\\r><rl\0\C\]\)>\M훌\*\\\>x\\\\Rv\M\M\|N\@O\\g\h\?Pm\\\DRV{t\\<\Z3lG\|+\nȯ46\_\oi\\2-\Z|M,\\\;\<3s #\\\`0)\rݺ|\h3HLP\\\\0̇-\~ʈK\B\+~D:\Z\܂nVŖ\\\OX>[~Y\u{HdH#\]i;.Nl#[\\"n\';uܡQΕ\Sn\uqY-;ey*xS*\D\\be4\~N\\@5\\rHr\텪\*q\\P\L{{zz\$s}y\g\\;\\(`0.\"\N\ o\\]\#`gWyI\\X8\0\&I\\޻gt2Dunqg\CQ\޾#\P\'&UN$\"T\'O\\gԪ})T\\&\隝\RQJ2YY~R	>3,4\$x\8?\":Vآi	:|0\ge0\\@O&<ތ~*[\NY\"3\`j\\P\XF\Z\}3\]JXTV\\{/|i\oJs\M&vG\\I}vWG~ew\\7\\Lӧgc4Û6x={\ \\?%GRWӸZM	\\,G\\x \'\rhj;\\Tub\KwJ\\Uh\T\\hN%.\\;\h#焃\|Ϯgi\K S\J币\\j4nW\\B7v??=<\3:	; \km\1\\iP\]cHȘ\\\,\+\G6T,\[R|i.|;f2=zה~\Q\Gk\"6\$\	ob\n\6\l\B5lo\J\z!\+r\'SڟQ\0\,\\0J\ݥ?ib)\~z0Aެtj\3l [\aJ\V\Q\\#p#\+\Ҥ̳==\[\\\4ʍkê\ꁤ\\m#8i\\굓\zNX5Ƚn\8Pj\?X73|\cV\ݩ\PrqȬ]l۔f|#\\<J;Gr^:P\5=@WVLFUW>O7j\7Qv\\\vP\\"YشBTaD\4JC\m_0<4u\7\"e\F\u|s+g-:q\tCa\_F\_dy\\Ľ\'*JKT̾\;8\(0lN1g8=<*\L\2U\H\x(D\\\HQ5ԌXL>x\kHWI{ehpSL#:Lm~ːtp\<˽y\r\er$y_ms!_\!\uq2\p\')\e\v\L/TG\'=\xP/\愅-qs\\0{\\+ kE\\";\nʖ{3;/&a\W2TPjxtmV\[6b\0ul\xuKu&`<_|\r\7#\ۀV\i]Y19\խ<K\\)\3g\,	O\\\\>Q\\n[ji5֟m\\\g<\I|>f\!Isߢ:5}*\EZjO\n\g|@-`\L\lo\\(J\>\Չ\ZoL\nX\\/wgG\BIWp?\\UVKN\y\o\,2$qnOlyd0g%sG]dD\vo8H2Kfo8\moxXRa؈4?_\XiX:\r+\\\\9j\\ȫ\nE*\QM\y\\\\9Q\\x\\K\'\\}?pƨ=\>~PH\/\U\r\cq\re0\|\W/ڑ\ \'f6\\')$I:L̄\ϴ\pHa	gOy%l\\i9^N\{\Xqb~(\n8~*TZno]@e!7\a@5\");WD\rog cL4g|:A\\'4~S:Xq$)z&Jh\8\\\\\DB~]\06#d~ (s\m.(JXX\\kh\6)\Ҩgnὰ\rcl}\56OԤ\\\==|!d[J\0l0\C)	 \{3\\ˀPvcM\Dޓ\rMS4%\~H\e03\"\x#)\z\\uҙJZ+3T\ 7\\x\\2ӗ᱔5F\u\\r~HS\\r_\`%&\b^prе?B\\\njx\\+\9\+1\)N\\'-_Q?\*-0\n\1m?aDc\g\)\/~(J\&l\ZA\ro#{x\\.2!\I<n7\/泽9L\N}C#f\0<I\SB>=-[\D\\hm>S<(YG6I\X\x\z\\\E\\\x|~\\0o2Q;\)ܝ\@3\Zt #5\\\\v2%04\\c*=&j\\hQ\: 5Qe\"X \'\6nh\\DץFR\3\r\5~Jt\v\\\XxA\=\щ\<YMޕբ\:\\f\*zr\\\%MR+\\@75\(\0\gd	\n<Fa(\\O%|\nS\2w\'\h;\3\lu^J,\'F\R)m\W\\n^>,4TE\	G0\7|\v\\\n\U-{b@N\P\\\n\gyNM./ѷ\/ߒsaK<iK\!I$\0\EpE\n\қaXH6|\v\QsԎ~\Z\B,\m\0YQ|\{땮\\n~%>u\1\F\Z\ΐa[q\tӲ\\\/.O\\Z\Ѹ\N_\\:[av]m\,˛0\\\Rk\'\'\R9\\gE:_\`77%ʡɰnDKܓ.\EܜSJQ\\\\\\_\]y\m	$\\\#OlMw/w޶\!\#{\A\sxSocx\@t=b\ZU0y%16\-\0\\<:n>\3Om\8|O0\\BFeV\\t7Y2\m.\~e.́LϒX\SQ`\l\$!q+o}\07T\l\\P憡\\\\"+u%<-\6\"\\\Q1\PչdԲ\wn\hv/FX~\\U컻һwW\"\Wg\Y]o81~C\'kV9\.N\\t\\\q̣mHb\[c/5500/\TT\=--c\\cӪKep__\\XHY	5	F\n\Ⰰ\~<$\\"	f_֩m\%q\\.\<Ӆ\c\hAKIH&\4bbT]К۱nϱ\rͯE6T\\Q@-!3Ew\r>$5B\0C`a=\\z\ bxBJ4%Y\*`\\\'a\Q\5W]#d{\\kh\}-蘚\n#}~\Ep=^\=N\au\E6\/\u\d\" ^N\n5i\\S\t\0.ѕע\\0Dްs66\3\BFg\Ph,آ\s;\MS\\((|&:\*1wCP#%絧q%5ܱgږ\SԽS-\\\kI-E\Q\"tmt*\7\_Iv\%t+a\ۜ\\\i,8勩BTcpYkCi\ƽ\mۜL\uG\\R\GI\ﰆ\\C9H*xl\N0\do\|Z\=\B[4ly<\J\n\\\_\0!\\\\l\nW\f[3P>.q\\\\)䅘᎔$%\]k+A#\\\XG\'f&g\q/\0\\'cH\\\\F\0\\\J\\ZĮ\,{4{S\Ӹ\a\\k\\wnw\W|~[s\\ٺdh\X\f\\?!`҃O4P\u@tGz\ʯ]+xҬV\"f\nƏXhtզuvz\5g=\\Zm\[\\"\r\aw_\.!\+Jy\\&\"e[\Z\\\\PMA\AeP<H\ks\gxfXY93\'\	[X>.C{C\1^\/2\k)~D&?3\mjJb*#<Swx9\\Da3}\W`e:*m8S\x=L`HGl\Z\V\\\Sx4\\\PU\F3.\vǯhl\\c_\%\\P/Q\n5ޔVӹu~:\S	ؗo\\Hvl\H$-\}R#3#&o\z5\Vdb\W맛)>\\	;\\q\\D\\Sg\=)>|;EM\r\\X7\n\h`[{}.a\fUr\c\\\"I|\ۋ\\\\\&\F\>\\\T\=f\}]7\B\\\;mޏ\\\\+\\\\2s\\4H>\r4D\S\\Z\-t\mW5#\^\\\Mo>(\ˑ\\\'pڐ)v\L\ߜ(xP\\z\0I\\\\i+;{\\\]W\N\T4\nwk4lp[狴\Y\Ub\\<O.TQ@\썦\{+\\:\\"^;\Iv\y{\C_D\a\g-)N:HLٲ\Z=\sMFn]l\Ě\=\\eS挾ʧv\Cs\\\\{\$rf\u\\t\\\\\d+Uxt\^\r1>m4\ٰ0^\\\~m*8R\[\{\wn\\nZ߲\ 0زgLt_<Q\=I\?^u\P8D,\/\\\ \\,e\W:\&\r\~c&t2}\_:\n\rSG@\\4\\VrNX\WZ\\fz)+cx7h蒘OכǛ\\k^0/~\rh\ypAmurW-\u\{IL_\\\t0;\\g*|Rjg\W\\ZO\ې\\U\\I.\[d\U55L\\\rn\jY(\o#[\rb$&	\HIq3t{K7ں\ďm\=&DǮ\\rݵyL^\\P֘\;\0/eH\%\\C(?DO%X1Ce\\RRlB[т۠Qz~[bǳ^1\H\\\h\	։ww\\\\Z%M˼!\\}\$\w<\\s¿BrG\V<Omk5cn\4\.R\"V;tW\"\\?\p\\0PEf{R	\\r\\XkA$_Fq\'\X\\\MM\\\خ~D\,\E>)\Oz0\eCWpOPl+w\\u}~ȃgqp\._\rvޤM9\\٩V;v\N4<[mvרMRLM.\tG\+:\(R\#\"V\c\\V\'\I\\mi^[q\\\VL**\\p\M6AicМ6B\+aQ4\̃U* rF/Oߦ\hq<qXօ\xF4}C\wo)m\\`E%\\pT!p^m\(^\j\sgH+ūF&v,(gGj\\K\i\Ffc,pfA\%L>\ꬑ\Ƴ\qqZ?+?Hlo-\NZ(\i,ZМ\«\y\b\'#\\*\(B\6.\W@=Ñj3.1_\\\MaG\\%2&\\V\mdK{f\N)\/\\n!/g@\%K&\6XXӼ\yc\}mi\bг\\$e̙$\\"MA\p3Q\>bJQrbo*ސx6~\J)t\4/܈\\ZK{\D\\>G|\V:翣\-\7:\tp\,\g7+[p*^\e\\\	;\P\ɣUX-\\C~T\bϻ><\Z\\ZF@\nh!G\Ck\|h4\K\2\ȡ?\\.z>\e;-,lyx\\T\\\	>6\9\\W\!S8!G\A\Z\F \\\ҹ$ӿU\^\\\`NŻ\%\ep\(\»\DMN\/u\\\x)эl+ljj\xIFρl\'[͈aa\z~\J<Y\G\c\=q\$P\"G\\\\Z7^R\oJe~\cpU`8.\}\)\r\A\&KL(]Ϣ`sU \n-J3P_A\y-Dz\T5VY\lkWvJ\38yӨ/\j.b4\m2\t/}ϼuIr$ӗcqK\O\nY\j\b[2\\Fw\ز\o\m-ߖU]9N\"KR\kC\\E^/]D\\\\"\Ii\>\rޗNsA&/\\k\ay-tN\\1q;\1)L!Ghڭ@\9\"!YpH\Y\rq\n?X\+\\\hu?&\\p\'\t3\\-\n\4X`\M0\\O7\uwU\ŝ]lF\u\\b\>\T.2:2h\jR4aN\'[\r+A\	\j񱿱\\Z\U#䩦\G\t|[GJ\\\\|\\\\\ȜsE\Z_B*ݮ>琳\\\ i\`\\LTVq$\dؓ\Z\x{\j1E.\X&1\rU\\Z\ \F],\`) V5?Y\\PN\rNko|}Nfp\]Hi\\-\Q\T춳\^p\vɞ\0#\\\\؟`\\$CTR扁\A}\r_9xz@\n%g\'\鉩\\#.A0\:\A;\Ya\'-\a\Z\Wo|\;Ni\Sb:MV痺0ǂuP\\A=3&37(\&0iX}\"\\\7hT\n\!\Z\\'\l\Z\K[\n\+j\0İ\bd\\3ji_Ѐs(\le:DY5v\nIs\}\h\n\'&`\\\\}S#\\r \kj9\V\A2ަRED\'-uJ\\W\q)H6\\#5rґ;Y\'Rf!?Sf\\~\e\\\n\!}e_&	dЩD-T\;s\	`U\\wў\rȥS4H\07Pbȕ\9:Zrb٬\r\'y<~l?ʢ%\0\\Z<OvMg~\!:s\&|u-ˇ\O\0\j.tf,\ςǓ\Zn-B)ݝ#\\}u1ӿ\MFNɯp\Q\\t\jn)QQ=:xS\\\0|\\b6\\\Sdg\҇ݽR\^m\e=s\Զ5Y\ko,CL3\xtoo0m\I\'bϸ/\'[V3\A\\E=\\g8;+t?JLu<\'r\Zl\\I<a\r:HQ\n)qnK>m\[Y\1~ڊ宇sd\2m^ʛvJ:\\%\"\;K3u\\\X,I&/a\o\#9Ǳ\"9\rGE9od|JMd\K\\j_Ro??\v\hg\-O>\ZW/2$\(l\\"،\Wko\ZaHu5kZj$:\\\FZ\\u5KߧTn`\^\m\ܗ\\;A\$F&l\U!6\V_kP\\S\FDFXp}<Y3e\:7\ا\\Xj\{R\0\\\q\_\b\?\	}\`\\Tf(ASt\c\'b\w\}M8y\n\\,Y2f\ǡ#̈́V;$\ݛgq\;\a\a \\L>\@\kZNNO&+cȪ\\|\n\,N;o\1hy>b\\q\W\+ \N\6\L_H_c\V\pG\\\r(\6\a\\\g\w:ͱJ<\\ygM\\Gg\\\OJ\\71Ő\D&&Z\Rd\\\z f\؊L~\`\Y\e(\\s\"\rJ@\l˵z]XZt=\Zg\\<`{\N%\JsX#X~́i\	\qǻ\\7#E\?Ȏ<ÿ\\~O?$x錯AP\҄\"ڢpJCԭveZ	J\\Ft)\KsS\z(m\ݢ03-q\\Ȍ&}o.6{OR^tOZڣ\\j\Sz\ZCb\mދ\\fFfM\b\\`\˯:\)\cɍ\\ЍE\\\~C\d/R\3\:+]\oV\H\%]MY\O_r(^Lϗǆ\JBO5\W]\2\	\Ugx\D\\E9C(LLrNv?\7zs\rDQ͇iǌ\\G@\vXb\(e8R\\$R\b-;\\nY\Q\A\֥#5\7ϻw}r\]\\\*\\r>\\HB&\¸U!b\S1\\Jc\c\G۹.窱눝\\H-N\\=ղҢ\½\\\Cqm,x\\_Y\&>9\)zr)\'؝\Wq\T\,\ɓP\\~\\J|\I<pLiY\aw4M\r\&;N&\\7X)҉ΑH)\r\#\5f\Kn)\Z\悼szo2p\\b,?\\&ANfsW\W\;\\'=Ǟ\Esn\"R7Y\0}w\\#\SCYۃ\0_p0؉U_\\^8\I\3n\R޺y\z\G\Z^)oY\\9ϭIP\xͱ?Q2v9XAS4b\-z _\M~\]W#&kx<d0#0{m\?nz\gnߗ̷xn\絼\cG_dt6\\i\;x\_Ym=\\\63\\4N͸1\A\\\K)KVP	42]\آ\$\~ψ,s\&\vy)asdVPlzzg\\廤\p\0X\\Kl3\YA 5ٺt\HSrZ\1.\"U1\\\fh\\O,N\0u{ip\Z\nmr[\{6˸j`0H*rر\I\\\\0<ʊYTNygt\\Zn\\Y\RaF\"\\i\Z5%\#pe^H\\ə+5Dg!\b\% \\\\-\yc;}\عv\n\\\"s#\rb?\a7ہJ)\\RġN\5+\nŲ8,\P\\\6\XuJq-=Z9\\\\\\>W>\o2$W:\x8Qms\\V\0\0@\!$rq\E9\"hNy70\z\$3\ާvj^Ԧ*u`Ƃb[_|],i(N\0ǌl\\\$W)v\\\\VV\N0MdJ?\ɐ!¿/\nKn$\'ͳ\*azYLh\r_Q\+fO]\QV\D\\]U|\ܼ}w_^S\[C\"\&T\?\2\\\>pn\ZaD\tзuTJ;/y!f^]\kLw?[o\\b\":	\H\ZMN;\\">ea@\\ӿ\ؖ9Olhk\]\gVMGĔZ\:1i0< \\$\McVρ!Օ\\Q\!8߼U\f\A\zoد\ȱ5\Λ\͊\;\P\<*\*@cnU9O\'O,\rnٕ9gJvtC/lrY\n\^G/2Z!$qeȊx)3@\ZP\\")C6i7R1\Bu%\0+]\\V`Bwc=\\씐\V\\`*/zBci,\w8\\6(]\ڋ3ەᢣ\HHEP;\p&~[ޕ\}^\W\\0\\S\;4\Z25`0f\s&V\\3A\Bh5m\\Z4e=\j4]e~,\643]\\-_xyʢ_\0v\3&RYDobY\t$Y\e6/\Mv\'Bj[cK\ۅ\\\\ruʮ0*h$.\(\n \Z\\9\RJ\\\|\\\\s\'mB}m\\3\6\1F\˟dl(/:#҇\\t\e+5Ji!4M,\7\{}\ߊ\pCx?5\[\S\)}f\^UM\r!..v\\w=\\\h\\\d>}2zzb\w\\ux}nW\_]\P\\,\4\ao^Vl\a#/,g\ZY\&ф\O3\6|U½/S\иKVX<t\\z\?[l\S\\,\HbcЈN\rT\#d}xB\}\\Qja5\U\ZL50F սXiI\s9&UGȒ~̵Y7nҘD-/|\\k\P5|4{7[\L١\4\\ŅUNN\\rCg\ZRaӠ\r\\P\nMATc\ڣ\%\l\\'`\Z1\qd9FgT⹟g\"+\xWB;@(i6\"K\\j<d\{\!\n\\nr\\;\4~c$\Qj4\h\\U\sEH\\i{_oU?\JJt\\1tH4J34]\\"1t3\Ct\\!CCy\}\Z\\Y\\}\\\\7\1o^B`!\)|\\nǎZ]=\~) @kM[5O%\0Ix\\sTG)|\F\jJ\\l\ZN`C}\TA\\:9˾ڰ2L\X\\TN51\\\&Ǳ\`*K\\\\\\-\n4wEሂ#K:o,\0\0\.r;%GL	\˧\6\nFל\\\\Έґ1-F\]\\<m4\\O-\\"{\wsT(\:IPf\\Woµ\\L+I]3\p\\ZE{\Q\\wK\҇\\\\\1m=-@L\\>\x,	\1\0Qf퓺D\\x(}\w&C\(;\\o\`\\\ҞO\{gEõ<\$O셛l\էեd\$L>:qϟG@71f8\8\&P$θYr3ڃo\3(\\g\3>\"H\"#s+\ 67Ԛ5kf\J\p\~\ꖩD\kd3?T\T\\˵Cbθz\\'j\)\\N\0C\V={^$\M_N)ՏSI.QL®\\+.wl|̯_`;\Zԧ\M;P(G~W}e_\\\3\XB&0\5\\\81T;\\.I\\y{^\\67\L_Hւ,3IFA?\Dl\j54GlN\\\!\\>ǹ}է$%Fj\y|\'pͲJtܪ8݁شx1igrzs+j\L\qA*8\LB-k\n\דH4\GQ\3(\x\_\(\[\̖v\Z6\Z\MC\Zrko\6rr¤AEP\\ث	\n	640\f\44ҀJ#\Yx\\υOϸrx\=\A8[\\\\'yn/\AK\.B\\R(\\ĘM\\hs@P3\3w\\"\N\讖Pq{jP*ыfn52Z&\\MRӐ:<GzԜs,HL/>A&P9,\ª-\\\1\.VyX,\#-.M\U\\M\\\$Hab\Ü\x`5\r\`F\{b\tNgA\]\\gq¯\\9OMe\\\{sc\\\Zq\3Y\q7\\bR+^\\Zy\OX{\\,߿Ã\Wm\nϔ܃\ӉT\tZSkN@\ٯ{\82lq/\Z\n<QD\"\?W\\h3I\d\nj\3\~8\J%`\9ȱrL`6\uh3ʆ|\rNe/Bf{B\$엽#\㞿6%\\\;\\'䐇J*!W\9\ѹ#A,%55\q\m@#zx\ZY7}W\"\'\(נJցhXA|~rbsw\\Vɽynnd\7\\z ֗(F=}QȻ%Z&\\^[\g/Ru\\0粢\yEl0\Ww\BkA6\e\\|R5\:\\\\\iMMl\nc-\s\Y,\[?Q\\\IYAd\n\i}d,X./\'\\\]k\%D\]VWJ(\3\JYZ@dh8\*\w\URqi>m^3CJBFv\W\"\11g%\\21KO%7Ehٙi괣F);޻Hx*c\OP@A3\p\荘a\Z\%\%bŋ	@\\H/\ \\\v\s\q\a\nlbcr\5Kq\Ҥ\ZE\Zˬ|\uڱ[s\\n\Wl--\">Ъ)_a\5DG<\Zʟ֮\v\\>\6\vi\\6@\\n\"\vWYFfh4\D\tLj\'\A)= l0Q@vĵMGů\ğ\yV\y%P]\`U\\\\.\Ğ999I8\syq\\<02ܣ	h8Msλ9\\\\\\\Y\Z&3\~1\G S9劸\9#mؤ.jPJ\H\\(\\pV\Hqs\;\i|A\ZS\&\e\\\~\њ\w6ai\'\\`\Xs]\\r\\UʸUoC_qX[\B6NrW\ \<\*\w0=\n?\L1vԜI\\Z\\r&\Vbin?_xPwkt:v˭ns\\	XY$hyoX\\\`AW	\fkh\\\t\gB\>)\d\Zu\`q\\\3Z\9-Y`\ϳ\_ȇOA_ٓ\\\~\\ءD\n\\v]2\i6DZ\=ӥԁiF~\r|J\1HӾb3=\\_\ߗ\g\\O:3\?\Z z2\Y\}\0nѥvJ\.d/a\g;\hl(M\\\>H\@9%\\'C-Ѷa\1H@\Z\)AӘV\0Z\'{Ou)\\\\AnfͧK\*\jƇf`=b\\NI.c&]ڷ\ \Dt|u\xuavhZ\Z\\\4MLFݬ\t-S9\+\qK,\X\n;(l\"\AP_\\\\cN0`*\7-\'\r8f\nyן\\\\n~˵(\d74\i7G\?z%H%ec)3	T\r\;\n\K\TN\i82(|(͜\CL9F.5ɥ[\⦜1h\>&ZbݗR\\v\)6ʌI\̵V4jj\\]&<\Zf,䦂\b\\hNq2b\\ZtnBw\\p9Ӿ+\\=\n\?\:\nFq\MM89Qx\\n,f\aK\'\"3iE<q\\5z\Z\(ӌ\?\s/z\o醣#!\\\}xe_}\\ژVț\ŧ1:\S3 迄\\r\3\;\\\v\\ȰN\cY\^\KD`\->ʤ@:P \\x{}\d\|fY\\\\vG0)+Id|r8(<\ڛ\\O\ߟ\\\\z]\kgˀgzEL|B_\|\Lla+9i\\!p\9\\yF|$\n\\r\۲\p:\%*\O 2~\x_/)v@$g*\D\\\:FWy\V\^\{̷媱X\ڴBZr\Z\2\\\\Z:p#_F}\װ\zM\\Ʃ_\~W %t@C\E&t}tf޷P6rqWyyr[ջ\8GߟTP{@`(=\Č.g/\L\\'.vl\g,ت Ih}\1|\xה:RJ\iA&\\\׋\CT3\\\﹂\x0d\ϫ0x=n\0=\r$4ڌ`\\\Zm\E\L,=<c\P\\T2S*\\KbnJ\\+A\.>/RO\9ҽ黦5X\Uf\Uj\\\VY\r$\nb݃	ǁ\d٫(3\[큯ms_f\\\3Ȇ\\]=u1̳\W1\\\9\\J>L|cy~\4\\mج?ē_IkBrIk>d-i\x2\/m܌T\\\ni(\_>m\\vdT\>x/P%s\%tb\7\xxPe;\ZZR՘-Y`/}w\\p\\\3Rs}\\~ǫ>gNwT\\1\.\\3U\\\\\\\\N\n\fa\E={\\uw,\'p\\z\\n--֕\PG\-\K\]\\X\daW\ϳjbLZk\|\'!jy\G\ߵz\-l\\{JÛA\csÛ/ۥ_鞲\^\	y\#D*]\\]\TluF\z\:o\>&\dݝ\ʔ\9t 뾦\b\=\Qۆ/m\zޕ\wW\dqG+\\\\r)F\Z\NTgEy\\DZhJ\B)\'\nkG?nB\.\y\w\0\'}L;ωOi\Q\E<Ax3=ZC^]ߏ\,\qI[`Z\\r=\w궕\\!\\o\0oc}y\\W͏V\+q\\Z}\\l`\\\Հ\\?tB֨;	\vQ\rB;>>H\%Ěc}IN/J\b\\\0\"W\\n\E\r^ڝg4%PY[\kccc\kpTN\}\bv(b\yɔ-\^\X-\`\iZ۰\7Q\\e\\sH/\:;g7!Y%\\Q-\\gҴ\"ŧ?m4ݖ=L\#N~\X\bF=\T.АQ.8\\vl\zik\Z\2܀T{@c,SK\W\"\rZ#R\\;9\rXK\[Yߏf勲\͐c;-t\R:k\eJ@\!c)\\k\iB<p#nf7\i\\I\\}zl\\}c\\NBsDJ/\ZcKV!\\\ĉGî23*P\K⊒*S\񾑃ׂA{9\\\\\'>\\v\\FD\UaO`9)\_X\Z\彇\i4R\8\r:ƙ[[k\` 8\~`ϳq\si\f~1\n\|~>5\/|X!+\\̏g\\\\^\;q^U7\Ϸ?d2џYLbw-I\nucI\r\YQvиD\j;\\\n:\r$d\\_\jU\\\ja\\\D\L\~.\t0ds\\\5\\ŞI-]j;\%\\fnN\\~\\\sR݄R\5]I\P\+>QWk\Ņ\*\Ae\{#\}7`\ /K?[4\\bu,|:O\\H\\-\\uG\n_F\ny{mU_Sq\FA:\sE;\HKپ~u3\=|\bw\'d\+	ZJr\\\AѦV\"\yE\\ni7 *q\պs\%NM\\6\F	@3p\\\O\X	\	c\9\>KvfT\2\BC\\|\b\	kɪ\0K\Td\|-EMm\Vd\\Z \~\Fu>\T18Z01>)0_!Ǆ\`2}\"K4Rqy\\dit\im\(F.τ]>s>\\Pn\"\"\7)5%.ۿl\/\^M\\\\\*1v\+	+)ivĜ<WOR~yad\|\I7\a>\'jԿ\%*n\CC	l\bbBb\߂惶\(=\ߋe \%\\\NCܪiY!\+\\a\\^oڙ\\\\Z#evRV\i-7⊬!nP+Q!Z\m\-l_Lq	\n9L\Bo٭D(\RYvg4\jLy\[ZݖLo6JUq4\\']WX\\\\3 =c҅Ӹy|`bG\\X\TwT\|]U\\g>\U1\'tDoź\w\\\Zێ;S\A##KX(\"6\y,N/\\\R\L\6)\Y,\rfI:A\\0Bf1Ϥ;òfZ\jx-%[\\>\9آc\\-\O\MQ4ү~Og\\\?\s\\Uu\\V\\i/\Pej\g\0\jޥp\%-pF@`\il@߁\\\ezen+ǧf3k*~8(\9.\REg\Py\0\\\\\.F[q&Su\((8\8\"ɹQ0\\Y1dM\R㍽+¸x_B\\\%\\2\EZe®\r\\/\o#~=\z:X\e_\|@+gfQMI\,\nȕ	\".=7KSԶBuH{F*$­9\Ay\r:}\"ߜV?\KY\=\]})H9W)sEgx\\EU:h\\|\4(aΉ\\j\\'x\2k\\i\]\ZE\K\\}*\O#\u\`T+m\?U\\\}@fD^\ZBt8<\rǙ\0\\K3\\+lW\\\Z,\\Ji\!\fR\\G/!\^e*,2\0cUO0%o*\/4>aZgQ(\=p\\5\"¹_a\i[7\@+)IF\HA\\x\P\z!{j\\T\\Ζ9=iX\\\GK\y2U\\n	6\v\\Z\\욙EXqQ#!\΁BQ\r-[[$]\G	\i1\dٰn\d#v\rZ*\/\\'\D\R	\\V}$W\]Y̟y\'K_JƗ:t=\ Xg\\\xE뺣V\T2\^\;q[p\\\e\'y\\?\\<}O\>ߘ}h\fks\r{ \"p\\O^Qhj\bZAƌW=X{\\\]x\\>\6\w\nI&ƴZSu\~kR\ng\s\>i\\v\Њ+\1]6\vg\ʩI\\'6X\\`|/Ϭ*Yn/\O&\7ܞWp\P\8\ݞ\\\\\\ܝa#>\8?Wn(EU\TS+is\?b\\\$/<bG\[T\\\\Fh\Y\u\<ΤE\\c}GR\\B\\RwP\0\\"\撵y\ค\\'%\"\K\.ۢWn\Gmgʮp\W&\\\\\\;˳ǎalw8ۓ\)\C#f4!\'q\Z*OdI>:y\`YN֩\\n^.\\!{[:ԗH+ƽL\=q\0ë\,\t\\\\\bV0q\Z\FHVP\\\h\\kZLF7\Ҋr\Tۮ3\#2xD\rĽ\n\\0]*Q]+\\~\\q%}5$TÕt-h+4u\\rc-\"\"\\\Od\\*\7(\5,&\ğ,j;rS\Q]!\r\\ĝ\nvT\\\\ \\.$K\y\?_p\\.f\\{Jq$\r>\$r	bYnR/]%/#L缽cj!Щw^ÁiO8=R@еXe`\f\H\jc\}\\\\wtO\n{mI\pf|\EX\YA0Qc\~|Kٰ^ٕ\^D\\O\'8Cc^\\P+Sjg-!ax\B#\P9U\\\Z\&x\R$(0l\\ZʄG\\颭y3rPFR\\\gc22s\-1*@-aG[mI2!}\\o\D?U~\P@(\肕\y] _F\e{\VF\\'_\ /\k{i\9\\\\V~V\8\q\2.Rt4\\9{?mƱ0\O\\G~r\T/?בPХJV7%\":y\[(\5Z}FML`3\\\\ED,\'E\^I#zPY\0ׁtO\'\%zZ~w8.\>H\\\\'v#oo-r؝\\Y\\AƤ\r̺!Bi\ZeP\Z6F\\\Wabn\"r\IchV\\_\L.j\\\_N=#Xo;EA\>_:}hM\~bZy>\n=\P\=\xY\n\\\\ \@33,\d[R\J?4\8=<O\\OF>,i,K\'y\'\C9Q\\\0cGc\\3ҹ\\8\\L[\\@\n7Z\rTn#lÒ\^C\D\\\3\u\y8..3\\r\gWsbaaQ\\ E͡\G\z\?Ln\M\]6jw$>bL\\u\ 7W37y\.;\\x\\y|r\4\\qrJ\\\\Eƽuyѡ\\=\\?\6\\7 \6\1\[\\uT\f21\̑\vN\G\\/\M\S|\ZM<%U\cp\+*2\ZҶ{V\'u\ׯ(\υ\\\\'\n\<(5M\÷$L\\5>\\\$	MRJ\?e+R\n*\@iڧ}p\-#+\k;l\_Vi5oI\4:>M+/bӀ\H\D\o\AP6b\\ϻy\\g\\\Y\\Zh?\˰nQ\q;\\\\	g+\n&	O\Z\\$,\0DH\ޞK21\%\\.25q(.\J{\\\\.\\!\nGw$3\[݀\|ftK\\\\Jib\e]_\Nn?ltV\*)b;8G׿zzu\r0I%\0o\Ygq\DQ\AnZ%@1bh͢\0z)?\:zY=\rxzT\\nbj\\\n%U \ƺ\52q=^lrkC\\j*]J~\loSq\\\\T*؂\\\m}~\\\;X\\,!>\Tl\Z\YTŊ1E\\V\7Ww\3\{\%\J(ٓt!;pXl[\#\8ַ}	\\#F!C\pʁY\^ٱm\\\v\\Ò\\`JxlW^#\$hWzDB6cU\\z˦K\<\\Й>588\\\\(B\}\\Q\"ǀ3i\އhȁ\">\IW#\}\q\(Ss{\n\\\3T^\z4To\\Zj\tS|\-b-0ê\\.|!^%5\7\<fy\n\Cv.:m9\Z\,\ށ*VMa\ߣ1cs?\\1\v\Z*1i\1\r-MҐ\D}~v\\ADs$zVy2Z\\Gs\iz\\رg\n\pgxKCx\#[\:\f\ǚ&\W\\vY5vw\t\\%ig&᱖(\\-ʬ86WV\%]:\rAB\N\ucp\hRVqQ\0p	9GBSz\\7iJ\"\\\(\^\\zsK(YNKc\ \x7zoG^\0vV:M\r^e1G\铆iD{\hr!4\9SG#\\L%\EE##\ZH yI\)f\cnE6G⁖}<GHz\+<\L4x\Ґ&\Z#9`Z-d4JW\KF\\WMpHCƖ[1\EKsqi\\.l#LB\\fWs\\d\\,SW\\\Z\%i\"<\"I	>~cܱ\\p\XI\\͎ZJ=ИPpL)\\lК1խ\-\Q\\\TWj\<\+kOe;\"+\\rX0?(R\udSxķk2\nAћLnK͈X?ٜF#óm-V+T\zɖE	:t\ixْ\b\\<\\\sԓ]wc\"ӵRi-r\`aO\\ߨn[қZ\r\m$7(\\4܎O\A\'F\Og__T\Lre\	jN7Ifwi\\Q&g{-5\~E{\uP\Z\OnAf@3\\\y\ڀ\˶ dlq\\\k:%twJ\Q~N\r/v^҅\\rx\\X\ϫk\\\]\\2\\x\$\#\沦2r:\!L6ϩ~Yc\]\\_Q>3ޟ|BoϨ\	b-?¨\Y1\k/MpZiOE0\^\*x}\Wʚ`p\\Z9\2LP\Z_!n7\\yb<I\\\Aᕥ\'\}\J~%\pVb\pԘل݋^ROЊXF֭\\2=l\`)\|bX)\Ɛ\n\n={:|A\\\8\U\Pۨ߷aq\^!CW\o)P~Qߜa[z&K\\Fq\(,qYA!<2(\2y\a7ӻ~\Tu^@x\,\\ZF\*P\\'){M\&\\Q\S\\\S-j\\\\\\,%q\N1\0A\\fZifi\\-\5\\כ-l\\\Z_w5oKwq;\ܳXP.JI$ةO\\&5Wm\,\u\\\܏\c\r(\'kM\\\4,0\Z|$|l?\z\\\h\\\\ƨ|\\"\\ؖ\xL\0S4ob9Zt)\r}\@\\/ɩL\D\١ۨ\\Z\0NG<\q:u\z㞘#a\,p\{SKe0\'{ͧx,\SF\n\].Ln\3].&CIO\HV=\8bL骬\Plcdb+\Y\\lBΎA\\\\nNdL \eNb\n%\\"r\\:7G\RLir^J\"r*\?\<s ov$;gE\8\\\\Z@2T\\\\\WYaɕ\/M|\ūT\\G\뿌05\ϊx[\\nFs\p\\XsR\0lQu\e|&\\.Ui\\CEQ^W\"g	)?E|k%h_a\\AO\$\O<\"`(\_V\E\Dv\e}\{X8\CiQB>\\zY*9,\rU\x\T\z$\cm(\\Jz\J0&t\Zǂp@<_\T\_˴ϜMRh}\\_T>\\5}xg\7{L\)ϟd;y1\ˏ\\	ķ9\\)AzAeQ\nI\.׬?O\i\|gE <Qǿkæ\NgV+܀UOћ\-{\Ө\\85\QKCZ\8%\\0O01#T5Vֵ\\t[p\\eN\yQ{\ڧ\ZkI¡zaemQCT\'\\Ѫ\s}&\z/G	l\)\A7\j\\n!Iw~\ \!\nx\\\?\[\ak;\\c64Q6f`35/3\z*3Cf$>*\Vx6jNogɱ+۷yLk&H\\ĥm\ŕ\\a\YӨ\Kg7\i\-&U(\6\h\%,T.^\\\8fX\T\\@ټʐ\'\\\,g\d	U\\|\3O\ѯ\\\|\\r*\\3.	Ld%([U\o8@Q\4\n\~%\)*151\B\-Rx`4\`\\\k\z\q\	\\׾p2>!\g^UZ_\F܄ŭ×8\ݭ;\\M:ATf>^Irw7pךm2\\QvZ<\*sŵ֨!}c;;\\~˺*X\\s]\\_ˋ0\w%WJ;7N\,r\\労FPl{\\\iYl\\DJx\Pۧ\\OrD\\\o\",\c\\\?2\\0>\\Z\^X\\\-}\\3or\rߛ\\'9\\n4%Fu\"\\d_Li\\egOvGSpF\%~\\R@\pP\\\}n\\B\\(>PS#MKM.\c!s}bUt%q\\N]<9#d\@\@׏5\A\"9י[j9*λI\iƍkbkh&\z\F\#-}R\"pA\tò!-\V\}\\\:Ł^.gd\\ZO\\}\\\b|\Z<\10 \Igyf	MHCDB44C\_\RPTf[\\\\n[\]Bi`i\E\R\E\\D+I5w,\cEz\0\U\缡ՆgD\\)\\\Û)\\p˚\'i	\n\\j鉆pnxlgҞ\Ikk Ơ*\pl/[\Z^B\\g̓y7\q\\|(̞\U84<:E\2÷3\\[+\%ť|՛Tkv\UFn\"˴5W\	I}\t\\Q;\ͨ\R%\a׬E-W\R6w.\t\K\W7\Wd$4\nf:8rنP1H*yGyRy\\)BN\lL\\r򀦮EePfPԙK9歃n%F\m\\\	dE_L\)\"=\eH\e?\\Tua\{[׻ڭ]ə!y;t\zB\-5>>A^\W}\8\\{\0_֮V#+uE\ʶC\ZV#\\\/\|I\\1.7A\\N4\,h~\ay;4zBz$<=T\J96\r\\&d\_}\x \#Qm6+)\'6\zꚊ]\aybnB\~QgTT֑\Zި8E\\'B\\`\\W=\~y\_\!׬8\n\V \|K	\\\r\bO\\ CN~\\3=\?>rh\090%i\`7ȽL>U\Sb\\X\\\7s>\#\g\Z7(*	uֲ\'e\\e\1QkX4uN5\U\\|\Xw\\n\\\iv3Ďh^\~4\\;}4O84oMlp\<\0\0ʸԲ7d\ag\(cCM\aݦ/cSnth\\&\n\~P>1,;eGC.\"}T/\Z=F[\\*΁\r\4L.Y$A8[>?9WT\\\th,N\\D\ny]u̅RTk\/%Fyr\\51\\x\"r>CKfb\?e6ēW\AT́\K>|+B5\wqN_z\\;nS81_\%{(w\txmxk\\r^9)^\/=wLrT\Q)<Y-1=ì\-im&/Ov\\x$c#\\κVNg7%F+17羪}Z\'\u%C_]S\m8}\"\Uv(EBjz\lS\IE\&\JCtBH狽t\\/@\txgY\.\0跙\\se\[^\\4\Q%\\\oQ\[\\w5\.\\Q\\0\'r+Ā\Sn}\)\\O\.cϾT\+]\r$>\"#+!ec\;JWQ$6%g\TN\\\r&x3\Fn:ס:}j81\'u\\P\\}mk\6F:e\	mU=?``\Z\Z\`\w^NKdp`*pE\\DH\0깁f\cCgZ[\?s)\Sզ\֎-9q\ZX\\L+\q\t7\\Փ#pq\H\\>ǀd\T?1\\\\i\\0!\Rmyd_\\C}}^9\iH21_s{u\\PؒC^>\\\ѩ}\˹a\}\`Pmܦo$|\\h]^%דK=\V?BQ2A\D79o\vآ\?q0\\=\ \\\]2RL>l\b\~\/fZ57\Z\Nr\7PDŎjɣ\\ߘn_:1\\۩\BkK\\\\ٻd\ڿhWo!*s;u)/\")`:<\'VD؀>\\\\\\\K\n/\\|ċ5\]\r\"$\D1\\#\\\\#\"\\fc%	F!2K\#,rr\K\r[39\\{\\Q\\l\\M(\\R\2$z\\\ݺH{4ĩWMm\;jj\T\0\\%\}\Qc\\\\a\\b@]\X\T \0ZTWJE\TH<lei4AEC%\8͢\@\2e``>\K\\nwBG\\"\\%{\q&al!\$.\\\\\IjΔPjN\9p^\	~\\nU\,PqZ[NzxX\lv(,F>Ƌ\{1=\w܎\ʎr_\n>\y5D\l{\lt\\8ϭ\걣\\q\mBVN\@7n\\Р;\\\2\0\"\\:	a_JU\*\0Bo%)Vz\мڽ\m\5\J\e?\gPu\8;p\n`d=\+E2IR\8\\譻\)\rM@qf\'Wl\|v3n⺪\\(D\+\\;x\\\\\o讉{\<\i7_wI\6\rٳC\\@!i#С4\aV!= }J\0b>\0P\;y*\wLiƆqX\\.;}(FڥQ}|\+S627\\YX\@#K\)!(׾rق\Įq4\\\1\\z\Xm\|\\\P+U\qxi/\I\u7\r~\\xG<.\'\\/2\ň\{4Nj@dƉ$ƍ٥\\\\̼Us\rqFfk\n\\a4v\r4\\\&rA\Q.7SA>\\\/J\qޘ\\0\b1\\:\X8Y<%\\\a\iN/\2hJ¿y99\\hZ0\`\ZU\rPd[7XD_5\1\r\v\Vϖ\*2Xh\W\R<s\m=u\H+\o\8bݕs;ihKc\Mar\?#V\rKс\\\Z\{Mx00\S{\DQȮ\aD\v\\%|\\醎\M\nvo^T0Q	#su\g n/:\\\\9t\zǱ@\dsIaw\\%Cş}k.#Hƕ\z\n\D.͗wƐ\x\Xk36WU\03_}nG=?#}vx\b	\1m\\)܀6\D~(ImX\	n\n<ݺX+9Y³W-d욯\P9BN\qhu\\\\~]eΎyKiJ7\\\8[4H|\rek\\\}UV\=X\P\y\ gv&[a!#\\\\'Wd˩\LE\"Bj\~V&>䋾T\ ]\r`w41\'G%m69[Ű\&w?\'Jõ63\\Vŋ\CFl<\\;ݙ\?>ڝu\\f oF\\\8g\ŃFs0ڬ\N\\[l\wvqQ4\\Mf\بxgx\\8P2n\\\t*՗\#\\\f*.\!mGWGK\Cs\\0JMG \}-mАF_EZL!F2o\Zq1|-O$b\pW\\p4\\\Zԗ7	\"\Rh\/\r\m\=!9\\m<!fM\.\CA@/\~LUX\b,3zMdT\4M\\\G;[W5϶&7έ\\>1Ǆ%4\"\'\\\zjmȮw8\An\񪱛XK3Iu\	,>^~v\	-f?C~C$C\\J\"VmG\/D\@?],s5st`\)xY\0H\\"5Q&	ՠ\\\ͩ7m\\q$t\fc \Zo\p\\}cP5\\\\7c\\o\東\^Ξ\\3Po܆Fs\\082z\rδ)\WH \Z\ǚ\,\nX	\nf.\_ߠN\\eF\\kHǣ\Uz\zi*n\\\\h\1R\+\\\\\yyrjV6fp#B?)8.\\&)\}_uXE<N=\t]_\u]g*\GKle\I\\GC2C\B\xy_s~\7\px.^\ g l\:X+Y\sZ ƽw\\:˨oݿU\\\Pw(^B𴸻	(C{p8	\wM\\=;\}\O{\5\{\^{/6;-w\Qr\\r1\Ӹ<Fo=Ni\\.\Z\uB<ߧLv\m\\\fW{\\\{\Za&]DOW\U?.7I|6\"`KRw\7ߑx\\큉ݰٺ\nFN.	\`čyBJ\\\\wmr(\qnu	1\\I\r\r\iRE\\B;!hgPAm\-.2\֖\oԆ\ݦ\F^W;q96\o\*Xsq\Fuߙx볉\H	\rd{A\¯h\\\#Řy\`{\鉅n@ԛP>:/\\\\\[\\}r#\N\w=\0\nBMy/7s 2OqPM/7!,\\\ہdk,\,|\`2T-ZoE֖inopa\*AVSx\RcEw\rZ\NZN\\\r!Z\w#\4D&\VpI.xO6bu14\\Zc$F\\g\ܰ1l\uJ/aCy\	\i97=d\\\ɶ\w仹sS\\n4#r\j²ɋ\Ƞ\//斗+\\r\g\bb:\vjzX^?r\]hZh\\pӑ\0bNzp5Jٱ`ʯ2\j\%deo;s\/<QH\I\QQ\sf\|\\9RRŠnNJj\uR\nﲬ:n1\\\\\\Jj\)R\\p\Zo#\#\'#H^nKU2>)^\o?U^ƣ~䫝W\#՞\F\\pv	+y/g̵\\ڟ7I\k\\0M\͐\Mp<r\\< ŒŘ\uëEWzo$uL;\Ӌ	yUI\Iu|><S}O	~0\)z\\?[\:\\k\kq`\a-*PUL-P)5gDh\uϫlinوx	n[Lm\ƕ\G\r\\Ʀte=\U\-\=\\haoTU\r\\$\r5da[U\̸\6\0X:\\jTM-\\\w\\֤^l\)v\"9\{1HdvMԓ\\0}i\2	g劥]Yx+\\i\S\9&c\\MEu5\\\\2\\ܠS\.tmV\mt֬_\LO *\fjTdPCv\'\\#}\\0\f\C\0\\\Z\nBM\z\3>f\\\Y)E\J\\[\\\]\.dg\>\wF\\\ZW+s\}\9&\%<ui\\L\nmEEߊ\	?#+X\4\YR\jc\jn#G٠\\wr\\UNʿ$\0\K7R(M\\p\Y\\PQ\0\%K\-\ׂ7\D\WG}\Bm\B\#M0\\@\۳+\\*CJP\0V\\ԅQ\$ZK\8:	S\=\\I\a\jzQ6\i%f1_\\t{\\)j		~ٵ\*B\\\Jwk\\u\\Ao1\\6{ƽ\\\2\rTZ\Jq:U2a\]{bA+\;^T%+,>K\}\"O[#\v!\\]Sxs=%țgk\x)X\r\\6)\53I\\Rz.`\\%w`LU\\\٠y|2g\R\ZO۔\\\1Oxmgw~WX6LJ)\"V\H4\:\`c\$;K1\\'|0 dNo\c;|0*\^}4\9Җ\r\nP\ƺΖ\\\\\[j\\_h\>Ѻ!\CHLT6U\"*\;c\E\"tN\G9.\l\ZM#>\k.x43\\8n \`F\\\vi\޽\#*e\}\ax	\A{G|P7_=%\o	\Z~T3U,?ײ|$.ï\\|\\\\|9ˣ\'\$~\8؈Y<\\H:h}%pHҪrS\u@AOq	3oD</\O4V	C\\3$\?>EG\ko\3;\b\\w\aclZѓ\3\=.)?\R\\\'\[X.$Z\,\\4E.LWc\;]*åF\(\Jd:%\Ke\622L\eYr\>X\rf0\FX(jrt\s\]~~ʆ*\^;sؕy.q(;ac\\\Nzk\\\(\\sfAEg=W\O\Q~\C|R\'x,vs\\h\zkX+\nx\i[\\>\rL\\Ϟj\9\\rÓ~`(\\q`ހVJ>ՖB,Xbz5ꨕ5V/:v6lT\m\:\0D#Nɩ01\{\&Ruv\ݜ\#儳1͏7\\py\?	ɹ2\nt\o\_b	\\R\>Ec\\u\9\}E.\_g\_\\8xGXJ\s,Jm-G(\gŻ;\\To\^v)g\\_\|O$?\\\:>\\\w`mz\\\f:\r1b\G@\\\܊3\j2\{vv&\	Uv\\\\\OKݜ58AU#\e\ i\>K4VNEE# \F\\0F\0/i\\R	E\-V^6%*\=Ix\\\'N>zJ޷\\:\ۙL\C \r\6-\\qAV|\~|:\LnPvٛ\8\Ρ\\rmU=w\\k3)gY\2]\\\S£G\+\\v&fu+\v×k\\r\_<+Ӻ\9º6>\EJ$b\*2\moqKu~\+\0xh~x\^\5-|\\$\HE\PDh8V\ކ,\])bKGV##\\\#K4_	1Uv\K+\,_PjտPU[ڞ\\\\O4qqB\/u\txzp\9n\7\Zͺ<(U\.dס?_Q2<3^i=Rx|G\8넹\\=\*\b91\\	J\#ŝʜuȫJpVga\׫|ۚ`ٔ\'\\u9\㰛T)NZUI\o\r~SpL|1t7y\'q-\\mi=â\{ߣm\\=$#xr\\U7<{9<v\wTa0H4Q[\\\]q\[\<j\nLvcn8S\'#*EE\\0\\*\\*d\!\\\POp\\\}P I{\.\\JTdd)_N\n\Q6\ڨkd7<qI\\\r^7\e8˼6)&\\\G~\\E?\\6~BA\V\\C)S^XsLG%/%\s,\T%9Oʓ?P^I3$\\"b2\6|u\\:\\Y#:\\?\n\Gl7;\Zd{0\\\\ZstٽĞeॖ\+-@\\"\"\\Z\=:qecfO\\Il\\w\\b.\nF	\+9\'\\9rJ/4CQ\\W|fIQ!\0\\\\Z\;xI8:\\b\*b\\ibE_ձ8Wbگ\'g\Ȅ?*qQ\]\>\ \(&\\\P\ŲO4GW\\oH/\?Qa\_=q (,\\Ū\ѻUĜ\\r\'%|8<8\Qg:K\yx%w	Q3O}>h\ƕ\QW-\{퓽Q0	\8\\0\R\y*W\'BF\Al:p7]~t1Qs\p\\"8\a)-Hc)\'cߘEx\r\YN\pĽ15\n\YH\.f\\:e\BU0 &pZtm\AYزby\A7}\ПR\Q`su7Yӗ\0\JU#Q&\.d:\0Կ֏,_\vq\-]a\\5<hŒ1}\T\(\G({;׹/\\7\<]\d\ɇ\\\짅:pt\3j[g֎A\E	\\eEZvPq}[,1r\o1?	\z\<&Nһvy\l\}]5V\ni\|g\~+Q$\y\58\\tfD\j\\\K\\\!S\>\\\\ru\\[\\]\\b\0,,\)vk\?+λ\p\WO)y\\\r.36\ƶ\\>\5^\5\\Ua\\\r[\\"zf=\*\a\Wx#aOc \(^U/zJ\%)y\\\0sPT~\IҬ\\\\\wz\lBk\rb\"\n/׷o\\\0\\K>\;w(T3/W2ϻ$݃\7\\)SS&\\=\\	\qdkSAfVy|:\\-B\JmH^\񗸞\E \=E\\x@`B1\b_ \s Z\R(ʒ\"K,\͔G\?n\ܛ:J3\\v\GL-<v(g\n\>A	!/ե|BRR\ـ\\\ۂ!oA	p(NaJ!\3$[\\'Vf4T\\\(3!yc߯o@\=+&@\\|\8Yc\Z\\Wrs\\\+E\\o\\\2\f1GF\B&:\6*\\Y\1P\[\\_<\+{SxP\%e\\ 0ot\4Z\W:8SHd6\\4P~?s\I\r1ŭ\Bf}>&)ЛͳЋ\`>Ϗ8L~.Z͑iM79J-^UQè\.<1r\?\\\\ZM\\)\T\gwnrɥ\#I\sDm8k\\\gFi\\\UZ}\\\\PbB\n\'*G\\#\\nrUq,ᬍH3<\\t\pݴH\6Ǭ֔Q~vC\5\ZWMMQ|T\\=^kU]ھVoPؙ\\)z<3|#ɗ\įTm	\^[\\\\\y؞\8\\A\6\\2, \\Vvp\d.q\\C{.{E[9:{\q\SNE:\0^NGs\\z}\\\eؠngאUIf\ټ	y&\\\\\Z\(v}nQ\\\&pP1\h\͟@\ȵyKLvZjك\~\s`\Z\"+\9R\k\c2%.q\r$taޜ@\>.xo@A)gi\\p\9[^i/&\i$?aR{ZN($_K&\0\\f,o#p:Y°p([N9\|v\n,&\:6!π*\\Z \aΗU\t`\ےS\_\\\K\5\M\$\߻7~\'&m_Q\m\\\\)*l\nS^b5\'<Ux\b\ v>\\dy\yr\C[]\0o*(D\\RLÍǃ7\|\7\u)\\M\?\\\4\zL\Bj\@&)M:}ՁN<\\'eI=\7nco|ɆFi\M,.\\p\ȳ@Z\\m\(eR\?Gwj>b+6k<\\kRD\fs:TWWƲ뾢?Ӗ\j1}u.5\z	-J\0<0Q\vR\0\\1\j%6v\W3\\\'OXsnn\\.q\9Cж\`!\rtW\~=&w\\mVb\+\#U\*偿y\+\j5\\\'ԡ`tqՀW\ܲO),H6zJn9\\0T\~I`21R9F6 $:ξ6\+G\\0\\ku0U\CHr`-f\\\O\5a\\\'\ *X,qD|\wBJM$`]\@\Zy<9#^f\w#øf\k\O6\CI\\7C\\\i\,BZv\I\̇urm\|\RyLwe;ч\{\"mKX}r#j\/D~O\G}4*\\q->י́ㇵ\\\%BS?Lg`*m\n\=tG\';\N\W\\HBY&V\'EŐ4\>p\u\Ay\\t-D\\.i\?{-mmŏDa\Zo!\=>Tְ\K9Z7\\'ӿ\\I?Z\\wedo5}\\)?\I4i\}\:\\\=谕 O(گ\\\DDg\rAts\\R[R\h5ۺ&:̕\ך<\\Z\yf 4\\\"K\\.\\\yӜcRַ5\!\\s\4;:ڤۇ\nC\\SG\\#M\\GbdU۫\Ư\\\Y.l\\	=w\\\"f\\	\|\Nޤp\=p2$\\݅\\@ϺPa\'\cgHOP\\\\\\׏c\0;eIK:M	a\rp<\\}\r\\\Hm\"\0L\\L\\\\l;q\\ PnU	\/A)sՎfqK\Y.\\\܍U5vחD^\\uz\K-\n1	vS^%>\\\&\)]!*\D6z\$\\=3Gşt\Vg{O\rQ_߅b^p\1#]n0u6\T\\E{.\#\de`Wa\c\Zj\ZiJ<|h\߻=Y0ͩ;c#K\V\2>	fG\E8čFos\'\\A\~^\"\|A:Q!\[q/l\\~#C\I\\}Eه\\"#\$/q\oQ\tp\6s_l}b܋t~\i\\bMiTT]G\%]Dr/\<$\0r\<Ν\\.\f,7\3\\\"VEW޿\\R|\v\(\W\Lgw/m\0\\'&BWm^:b2\\'wg\\ll䯘0fk\Zm\䚵mP=W\`\Jv3\mzNJY/FI\0O\@\\B5񴪪jc8\W,\QM\>\zFLA\0u\Y9Y\\2\n$z׶N\\rCu(\\\DA|\\4\\Md\?\\wB\\GY8\T^ڞ\w\\[\\;YT>&#vyM\\\\\J\\f;\7&GH\Z_奅1&\noM\nv\O\y*\\\n\x\\a\\l\t+gzD\\\\\LTh^)8\I\.;$\">j\0BԂ&\rM:TI\ڗ\\[Ǌ\4ͳ\\'T\Zvʝ\!{acc\\-l^U\\\!\1\\'0YU5EqÃ\SӛkT\\%\ĆMvj\&J9I\_\\'=ԍ/|q\R5WL[t\\⎬Wޗ\\?m2A\g\	J/k]8i~r\\Kԇm\s\C>ߋ\GHkU[}Sxbk?\6fGm\Zc\0\'n\%NCP$\\`u4:v\\jV\b:tnjS.1u;\\G\{Ψ%n/\z`A\&M.2\\õ;\\\<ͭO	,Z\Q}v\\GW\^~˛;Z굊2KsL\ף\WuXs\̋>\'32\\(*5,l\v\[\+qm\\\\d5w\"He\}^Y5\O(R@\\\\\{o5\9S\"\\\cdk<\ 5?or\1kW}*ۨ\\;t\\.<-H\k\0W\0Ȕu1z\&\!ܱs\0I\Y3LV>/\,\\F\z\+^\\\\G^T./n\rXl\n`\\\ >ك!謤Fh\4\\>T\\q6\x\cPX\gl\$ߞs\,ŰɹDI8~F\\n\\\.l`\\\\y\\mF$ur\\qB?\ٲ\E\\\\\\tÑ\\9\rQ@U;\d\\\u\"\e\\Ή\\\Q\u),wu}Y\"\;1\K\\3\m\\PQDg~\c4ҐP\30\"nɅE<Zv)\**\\Zvf\e\01eXC\I?3v\B\\\Dlx\C1NJ@J\bCtmNXA\\\ꋡt0^myYߛ\ؠQ\\&̓%9L\\\^j9\$\Ou\\#X\\ \_UE029q\Y\ޡ\$j\p͖\\gh-=vcݙP\)*dI\\!\#\Rg+\W\k6q\\|\W٤\O\,\M\$_\u5W\\n\EL\ೡ\;z\\bǠ[Q\u\3h\MK4\BX\\B&Mi\Svˣ>؟OB\u7y\\\\\\ .\6u\\\!ΗĬ\\Z$	\'Q\}\O$p;cp\PfaֵY*{5j\T5O\L8tk\\f@\\vU\>71\=НNl\\)%u\!cp\\t\Z:/\>ڰ\tD\\\~dk\0dn\76yڟ!\\7\L	֦\Tp\^MGRmKp:B\d\\|gxM\w\!@֏KTҵ6z2N\0\ZD5[\6\\{̸\N_\\ٺY\L3ʍ\v18je0_N&o\~\^S	85㭯q3=Q\G\;\%FM<އS\iiA\\g\sJ\\n鼙zN\_D\F\rUC\r+#YG)\F\"v\V\rڦ\@d\y\;\a\\rf\`n6Ϝv{hd\;O{?Q\\\syCw1֡\Q\:m]7\`hq:\\H|\f\y!xy^n\64\\\{m\\\w\\]y\\\\}\TZ=\l	\	h\\\;쥦C\\\GI\rxv\'׋6\\$8\PgKy+4\%\W䳣T;3r\\A\rC+\\o\\+\\\J\\\\>Я%\<㨑.t\\iq|\xc\7\\8\\2D\N\F1[\nk^hw\a\\Kn\\<l\<3ߍcA\@׈i\\}|m骅ڊyt\A\_u\WʘSNqM2¶˄l7JQ ).Y!\Z\'\3⇃Gk\L%ZT\";\+<휥\j[~fWC%XMO]	KP\\rx\(\\	\0,Q/Md7,P\:^ѻ5L\3\ZcZ\\\.\<N%d7\<ٚrX#\\u0\Zw\\\-mVM\\In6\\[L\b^O\+\|\\\q6B\Ǝ<`-\SJZ\_m8\sۡwcyyy->WK{M\nA+ʎۏ\\V\\>\q7oGJ*$YltV,\>K8rb\r~Ō2\r\\<\WV\q9~\$C\\\xF\sb\V16\r\\r\0\;\$\\f\L X%?u3\EǷ\"@o(\իRD^\*\\MԨ\\IC\P\\\:ߌ8c?d^\ZEЪzCyn\\(A\Z[\@u\¯W]1I9n	V\j\u$\\ DS>ً	n|D.e/Ds*58\%\vu~\gv@3^3\n\5\\8\\Zyt\\#C\&çZl\r]H[8LEf\ꖱ#ez\ݚΎ\\!\ZRq\k_r$/\97o>\z}cTdל\h1<\oझִ1\\"3\D#\ʿFr,.\&\\\Է\˾\r\\e*bh)(l.3\_~o9~o}\\ZZ\nJ\돸\,sUzC§\9j :>\0p|\E\\\MDp6m\(j\\\'Cއ=#6+\\\r_KfH~=\n\\2\{Zf/o\\b[/lhpEi9z ;IGQp\'d2\җ`ݧJg3R>\XZ[+!ք\̀ib[`$]\x\\'\\nP\AISQtZ\r\e(\(2\\"u\V\҄N\"\\ZS\0d\\DڝdkUϨM\0&l\0\ȰǘĩK5Y#oM\Y\U\<\H\\q@ZR.\ZMk\s7!\\Jn\B\ng:ն\c2\}T\\U?Ӳ\ܠCwpϯ\H\=\q^\%4q\nbmqjE\;\ZU+\\l\\\\:+$݉X\RͿf1]\\DΨ\\i\Pc`{ g_4K\\\\1`\dW\q\"-\@\#G\F\\\S:\קy؝>\XhtZ\\\/R(\H\ì6Fr\kPgr\\;?ϔ0f>\\n!ڷ䴣W_dQ\\k\+-\\-r\|>)\\}\3ׁԨ_&O\\ֿa\\ZՎ\qZVL$%s\ך%\\n\\:n!\\n+(9r8\nk-z\vIb,to/\\9zcy<\dF4gT\MD\r34z\]3u\\a0a!:+I\\"\'N>\\?8k{#\nqn\'>b\ZQ\ZJ\^znZޭ\\\nR\\/8o={\p-!\^\u)ni\@\\ot\:t*Q+\ן%G\\\DM]dĿ|qB\\\}W\'\m=循\n\'dc4\0h	\|P]4_9\rk:VD\\ˁm\;\6x\Bƍ3\)}\\\\\zɟ\\'\Ŗ\6\%\ƙ	_!\\\n!me|	g0%\=\iɼ|=\{\QwJ1\շv\[F7rd\s\3\k*\CωX\6g6q\2\\ZB8@\Ñl@b\CPIS	\Xz9\#\\'f,.\0%E\;J%\\%\n1x[r.4A\\qw\ߵ5\\Li=\S`\\\t6\	0\"fWկPl\1Ն\\ʜsCRG\54\\\\\KGlb5\\\&M\\\@ڕmʫ\etΩ\\\\`91\T{\zP\#/\d\c(|U♹;\\L\~SY6e\ʣ\}7\.\\nFXTgNJ޼T\\\\ɨ\1`8u\_)1$\m{㾥^e\\w=\=8ۧ\'VAB\u*͌2\ŕe\×\\Z\ Ma}ŕ݆wBX]..\\i8\tX5~XI8n\Zv.\7|lL\V\v\7fwGl\s\#-5Ǎ7só|\\yyζ8^v[jU\\I顪db\\@#Nq\Tsu;`\2\\\\hfT\۟\Ɉy4Zbw/9ڣcQ\\\\>UV\\ԭnr\GC?8\#ƀx\Z,a[V<\>\\X&rg\\Jg\ڌSOȰ\\\p7른{L\\\9c?\-CO~An$X㞕\:NA`FM\\\0z	­9\Tn=\r\r5\3|i\9\Wm6ym2D \Ln\^}V\4yR\%d{#ϗ3	\rec\\v[MPΐg\sVs-j2\*\\Fڈ\\\r(\\\<֏\ۣ\,r\zi6a!\\;qyuQ\}\nJ<ͦbB̾%ሪ\\A\"t\p^\j?\e\?\\Fޫ\\\CA0\\[\l-s+:e0\Ol\'\nZ[zl#I\0*0YEo,)\\\%ܘ\k5l\ˋa\f<\@b\]qAn\"7\76,ŵN\3tmQlϒ\z0-\DΑCQg\-.p\ $x?=iIKWR\ӡ\uv\+o\}}6?CwOvR^\1,$TB\Nq\k\1Jʁi\\4(\'\aiKT-\\\5\1BZ$Myh6\)O1\&mu8sE\hج\Z\'kֱt	\˵Yn\\c.A,	\0/\\ܵ\yIND\r%^<\/9Tۮ+	;/\\+7z`H@СB3@\eLoSo\K\\I\WNl5v]\f9ߙ\q\\\|yv\]\vc0\'*\}\Ɣu\\\N\?fAY( P.웊P&\\{M\\\uj\\VxY`$)J:\WZ\͐\.Kh\GNva3pmz߰{iݮz2QW9yFr>\TcY\! =3lf|\Ἒ\ZP}\y\u0u-$\'hېv\[\Z94aʪG7S\?/fkn7ɨ;\\\QEI\\\iO]tX\ώ\#d;A\o\\TȓCF;^GC:paUu	R_\\+h\\\0x^}\^J\m+\{0qs,I!3nsY\\#!/Reo7a#\ZT\C\.Uņ/Z:ڎnviv\+x|d3!yMh}Q0A\aMi\\kl\nt\\lEJ\Qۓ<M\\ʄ\\Z*)\J\4!1eA/\'Cd,IB\^<\r#L\[Va\1tE%E5\z>]uH\\s\\5{ ],(\s\\\s %\\rs\h\+\\\Y(\n\\5w!}ƍݪ+U\n$+\d\\\JUd0m\\Ro:V\'\'Ÿo\?3?:|\\×\ݘ@o#>\1\kW)\ɹ\\ΪЯagk\F+\\\\W\Q\8x\<<\d@F*	^\\U}\\\4\\9%uUc\\"]\"\EQ\\|Bjn.bc.wr\\A9~D\U)GC\\\\暁\o\\:0OK)\2bum\ݩ2\(+?sEb\\VK\V\\Gsl\2#?RvR\\s3_#1esk\\[8\-=*.Em*J4a\'*C\\foR\k?M\V\'\ayB~$\f G\ݲȺT\\[%\\/=q+!@f:a\HV6o\?\>\"%\`-D,0ǘ{#\ZI!u\\/[z\<\\'da\@=iG\\\]\J\v\\Q\W_ˈF8K\j\X\Rֶ5\PS(\(\\kE\\&_^\9\Z\RqYϙ\\\\£(\!yă-\\\\:\\\,\\v\TPd`ٯƟf5K5\Ge\C\\\\4\\\v\\hb\nbY\h\U*j*zLJ;\Ew\Z;4\A\\k\\\_X(i=Y=$\\n\\\\3\rʤV\|~ ߰`\\\K0\ԋpbܳ^cT\:׷6=o	#\LZr8\\|A&q\ބ֫\O\}D\!^kd~ g(f#\Z͙WϔgjbVTQDvq6PK52\\F\5[{\f\0aTHP\^@D\\\`X$	GЅ\\W壐\Zw7\\\Z\eb\ͮebz\EΙ36Nb\r\`z\Y[Oe~\	\\I%Ń\\0ӵ\\%rR\G\\\΄Y\'H\3b.\Y\\\\\r\@P\\C=mL^\	\,\(\'}\Z\c\M`v)\\\a8txw:0l8uѠ9\}yZʑ\ǠVh\\\\(=[^Nǭ\tsPUDYb\K\6Y\\\seB\ia/\\t</~X\K\Z:/y(\\ G7\}UR\0B\\cTNYI\0ȵ\~%f\PeFZk1T5EYj;\\6x\\\\J1q\G]xjt35UxC\[\\,\\GP\HU\Q\fܬ>YN?wQ\9\\*\\	\ĻZ\_1!W;\\\PS\	Op]>П\.C\\æx\[譳\եDٯ\|ԗFh\\]%	O\zݷE\Ku\0x%1\-4>4S\b|\q	ߎ]}?Y\?]	\Fb!|Rnd\\rK\,%󦏿yE\ɦc4(2\n!\k1h\\\\\"\ǽ]&VWVx0\\<tnL\'AT{񮔽#L6+\eez>\'73ŋ$$֣pR\\\	\g:¶]k 0/\ZSBًT+\A,.!pЪjLQW/{87\\H\\E\Ul!^[l\Y^a\\ornC\"wD~5J\l\6H+\y\Eɢ2Qmb\Pes\q-\}P~pboLK\E\\zhn]\\dmgT{jO`1\}c\{6\h\)y|ʏ*p˪܉o:c\jg\\+kˡEe?\7\IlyR&+\0Z\ruheo ݥTY\'w\bqQ^0\/\续\k\Z\2ix	\EHGis2aϙx\^{}UZP6\+\"j\\\<w<{R\\'\E\Ae\n#{ܤ`V\	r\J:y\ϧ\n@\Xd#ك\\+l^/e徽+6\ߜĦt*D9̴\r4._~W\\"\\sKt-}.CO\4;^%\=\UPGĳf/\\\\p;\\lr\K֬0\zyph\_\:\\\i\U࿳FR\\2vnkDv>TFÌP\\րGo\'\NאP\BCߋXX6\"\\\Z utxȄv~\\r\R0sX\ \-H\\\0nݶ$\?3I+D\]\\osNͮcRq\vCu\1\\\#y\I#eHO,\t\vS-*c!M\s\\qDP?+si\0x\`8[\\\"G+\ђDhhGIkOG\n\X(fP\\\Hz\\ʏƵ	\0E\%̓j;E\[\\"88Yi\'MJ\⬵5\Q9QOP\\`bX\rF\\E\e-٘E\7\\XdT\nGPJjBVr$N:6!\K\x}\"\$τW\Ca\љ\W\0\45KnyxI\L* ^k\0\\_9>Ookd\"6g.K=c\ysȚ\pPu	\"ΦCuD?\*N\X\\<<\\n\@hjԳ.J@M4\Z\\\\2\C\ywmnhf\öe(ؒkH&Hkݬ%\Z\s<\\W\n\\rk]%\Pw\\r%%6+Ͼ\y\\\eL\w\\"Wȿ{\\.\M9.Q\\\\npe\\)ŒG\lMP[!`\wrA_KT\rxr\zV\}\Ø\\J]%dtN?XeD\ul:<ތm\2Բ\t;\OgXe$\\d\B2Lo\n\"n\n\t{\\"\rH\\0aBy*0VH$\`\0h6s\\Z\$\$\\v3?) sld$\\jmݼ\˽|\8\n~i\,v[[C}݈:</=ݘifuC݄\nk\K6\r\.wN\R-G#Gu\r6t\"\r\햊<\[f`PW\pm\\}v#\b\Z\\3ɶ\\\W~ﾬ\S1gR\)\\'3j$|tkl\"DW2\'s\|0̊m\WӺ\\\[v\0YIHpw\'8wqIpw\wM\\\C\Nc4\\\{̚\kvծ]\<$\\\m@p\\\\Ć!agbօ\%\H\[9\5K\\fS%;0ݷ!2kPG\\Z\1]rJo<l%\\pݗ\\O9O,l]\n^{\/\mg̴}.0,\\ZF\'KWh\\1o3,R\ZlXiv\sF-#&*.m\8kⴏ1$A\m\z\=	\rC\=I\ęmwBZ\\H0ͩ\nWK\HL\\av\>דXإ?\a*PJr\|-^z=#uv\F\b\'\\\dd[\\+\!ا\\\S¸SNc\T\'ꔦ\C)\n1ETmK	\Ncsn\rsNUK\'\\n[.\P1̢[\\r<l\\I\fCitm\Ԯ\\\\ԟyBdBKCk\sR?}U&{@/E\\؄\\\6_l\\>1\\u\R\C\0X\AݩE\/\\c]h G\\?\V\y]3G\yqU~V\\|a\?5\1\YQ	d>\\n}\QU\nQSbb=E\\Y\g\R-\ov\ؽOp1\\y\\	3y\:t]g.<F\rp\<\\ZhcwT9We\\\'\2|hgZkȪI\K\B%bt/V	4cjaA-d\W3A\G\,YZ \|`\#2\/\C\51\\2T\hfOw8\\\\Qߖ\#f9K2v@.GoYMYVU\\X\Z\㚟j@#\\ѩC&\<\nv\=5\\H\'0+\0Y\>\\D(\\nA	\\M\e~UZ\\\\\x?\UD \ ^jD#^jt#\[G/\"ARpA\P\\/\\-T\½\rՋ\BZf\>l钗PeSioۉ\\w\\~⣯B\Oa\\\N\nP]򐒒S,\Z\g9+(\}\\\jMwa|\1l[\ٕ\\\tDD&iM>k\qF\^\\n\3~\$B\*\V\Y\\x\nX챲?\s\U03˘Wh[A@%s4|\=ƼJ]\\8\'1\0%aoA] /@K/#Xf\\VA)(I\%\%\BNEĸ\B\b\ra)\\Z\\VGe୊,\j\\\ŐA+fc	\Ib}\\\kY^¹.\\ǲ}ۊN`\)G\R	\aT+VfC.EYTUac=d\@\X\\ruH\$ӢbȾN1\"nx\5!;aN/\n!)w+6\g\B,\;\Լ\=\k?\`w2\o\ȱnbM`BXS4RR¿\\0tf\r\,\\rYĔM祫mu[r\7)\n\\\\\\\\0ϽDzmCQ4>K\05kp\Z;\\ң\1M\Z1\S1ﳝ/ٛ)\yi\q:ȚZ\9\9\$KB%q!\ZltܨGC\Z\2$SF*=\nc⭻\ޭ\\}@.|\nahD\x\0{;\A)-1L@X\0{q_LoZGG\|TI66:突Ag\nA\\L\\0\\B?4xͪ<*iָh*\,\\)\\x0ؖDe	~{,+:z:$V6[\'\_qfKv\7\~\|\\gw]2!	0h#\\;1\\\\\[#0|?qkAeW)vcݰ\'\\8rWKvF\\"q50!\ܡ\w\Z1\`TRˠX=\r\r\\6O.jv\\\\\Bٖ:ʡ\\fv[ZF_\\k\Eec\QcG\">\	cK	eܛ\|PL\\\lΈX\sjs\]0\\rh%\\ƺ\\nLAG\]ljN}\\>zۯN;\\5kKom\׼nP:\B:j-+h3\7\\03]yN\"z^^\R\*\_2\]\\\\R\\\'T\+=9h:Bfk\l][vP*\$j\?bm{\$\J\\`AX,+5t\X\K\\n܆}G\m\$,`Ke5+69W\ֿD\y\\\\\"\\n#	>{][(<\鄛O\)\B\Z}kL\n{*W>\\;\B\$\C!S\rTs\d\"X#EO\b9_\\jX\o\:u-1\\\%\˳rƳ\8cjm?\,<\\\\r\Q\\8o1\p\a\\f\&B*\t\p\jEF\ \qh\P\?X$c1\\\<.\r\u\r\Z\VqAn\rY\\&\C\r\D\mMU\s#.{N\e;\᱗\,\pqT\K\J!\]\\X(\nm/\c\4w7\e\él`O\㙊UmKD)\\zMCuU\|O:p};O{LWF\5߿E^/%r)Y\fU{r#d\%\\0l$;\\V\\0\v\gQ%\rRK\]1\k\C_Ue#]c:\gn\\84@u#DP~#,\Ju{GjX\Z\\&\'Ihp\`|<X\x8	6R[\9,7\KỤ̀\Z3A\|c>\ن՘VRdw\tg4\ |\i\--*\\*&k04T\n\f֛r&\rX\f\\Mgq:,\֦\\v\Kޑ\S\cO\\R\"6\rebͥS\͉/ylg\\"\_=\\Æ\Q÷m\Ր[>\\\@+-*vZʹΩFf\ײ\X?*G˞u\̷\*	r\[\?;v+\p}o-QF,>6Kěh\"77\\\AXy\]\BBs\ )^w~u8ڵ\sq\hⱝvᗌKاߢ.}\'\\M*X\"\⾇\\ke}}:7늮\0\Vn\	!p\=n\:ز3\mH+\n{\cn@o,6-w\&w&~N\$:\[.Q\\h\ؘhTj!7Ŕ8l\&c\\/54\Zj\\2\͏\uJW&ȗ%w\\-:AK@\h\\ڤ]|;\\Y]TdN ~*#S\f\b\ɷ̒Bvm7;\\\gª\сgS9@I/41S\?\\pt;\\nb\N[\H pum\>Yaax<\{R\x{\nh\\'g1nL\w\x\<\~DaG\y\7\\@eH)1.ᱡV	[Yy\\,G3 \Z\'\dkp\\\Պ˱a\\=\n\\'t4`.\T\\VAI\dc\"\"P}w\c\s$Z[\s\UΫWc+/b}wPf\\\0{\\WxU\\\ܓ\ο\\"KKpDf&?\fzߪ=\\"\\i\VXb\\\\Fj G(#\PL\\\7(\SQ\B2]:S+	M\r \	B\ʸ8^_(X\b굦8Qߥ\h65rҴTOϯ\1Flsm\n< { \blG6Y{\6\&|n\'یh\\>{wG7\=}>G\<&2\\s?cI\σ\XO\C\\nV\5\<\CW~\A\'m\\Є\r!:C;񓁌Є]2p^0Ŏx\{ݦ \~x\éN\n\\Q\k҇*\c֢\e>b`\_\\^%z	Mso\Q &xn\Zu\JzYwz=\8\A\f\K9FĀ\E[F<\r_Ŧ\7ÞڣXC\\W\C\JѬ@zm>K;o\D\\-\\\]\\+MQ\\\w\C\	򛩌w6#[v\n[ۮ7Έͨ\\\E٤\\\hx~מ\af\@k\F8\6\rp`n\;۽\մ?kFW\\n\S\pԽص<\s\y\n>ZԠ\Q\\I+0P\\\\rE,,ZN\<&\fC\n\kSa\n?\P6\\2\r4g-TO\+U6Rj\	!e\\\\6d+\p\klXJ|\ c\e\\cw\/\C \`w\O\Kf\n^?\\\\(\z\"_զ\$\ȱ\\9]\6ڧui\*\0\N\|7\Ƈ#R\0G \O\p@\(NUD\4k\//<bI\!2y\eZ\V\T3G\>?\\[\U>t\MlFթ7\n\$\\?+fRQОi(\\=LZ\dn\G\ZG.\^3ē.diSJ\oړ\kB]ң,Rz	?\\$j|anmhJ֥r\!?*)ۂ\nR=\\&c\×5\\\-g\"(8h\b^1\\ Y\K,\\\Zy\\\T%*@m\n&\2\\HCU%x.uvz\y\'\Bz\WZ\r\\Y\o]\\rV\>C*°4\\`e\\m7a$ox1\\x\W?>Ie1XF\an\4\9%\4sLh\̹Y\Z\F\2zl\\\'!$kH\mcz+/\0ӂ\G;ڄ)ʃ\'\'u\,}&Al\\\\,ϼ\\UO3o\Qs\0&F\\\+d*\b߂aXS{O\#m.KܡM\E\rSxX\\y\\h\0h\ƥ.ao\\\V]s \aT\\Kn<N>Γ!\``8\l$\\j\\riySџn16\8,橗\1t|q],<w=SY/r\\xn8e\Jp\\\F\.\0{HC\RVw<V\Ä\\ɡ\a%0@\\\"\i/SP\\\0\"X\VY-\\\=5Blj\\r\nG2O\0?f+E\'&r̐fV1tqKT}K^^\1\qfEy,Q5\\ԋ\\\'˵\뎤bKV}\x>DSOZ\0`}4;M\\r?-R9r˕\,\)pڑڦ\\*֏\)\\uf\(^)}\|\\|	\amaK\3\]\\+>\nj\|\eZM\(WwE\t\\3u.Lׯ\\Aƃ9\Z#\G,t\\b4K5\\Sv\έ:Sv\\s\\n}\>2-/Hմ\֒u\\{m\;3z2\UdxO-\+\H+C/oƧ\ZyW\\\Q\L_.(\~|\ZV`\R!呢\\Ƌ |_T>@yUU`\{,\INknv֝\\`[\\\"Xc\\0O:\\Ouo\8ӨyKIGv\ar\Y\]2:?&>-Ao\,\,\$C3\X7Y[E9J0?\\4\n\Z0Ո,_kr\0]nK4mV\4]\"!\ÉS4\H=\\z\*=dyW\S%>y\vqi6br\\Aԟ,B\U]x\`\4\\zH@\K\\\\;Hvؑ\6ޥaa\X\\U\L\Ɇ\Xɍ\h_}Srߥ$l=\lM!\C=tUL\\\r#4T\s\\061n\\ٖG9+h\Z~%t\1!=1)ƊH\r~O։bI7\+\D>9\Kn]O l|ɨAx\rm\\'\i\w]<JD}z3Jb\ԇ2Y\͎\׵Φ\>>\+V>\:ݖ.fwe\d-Se9\\\GY\\{\n\Vh\\\oB:\l5\@\U%\H	㱽\hh3j\\vl\0@hY\ \UJ\0Đq9\DPs\Mj=\\\Edk/G\/--\\7\\vYJkLnS1\\'Οo\w6D\8|Өɷ\P\)8Y\\\fF\\]p\\'\w\g\?\#\yK\۝ңi4\}X7\"Ph}\\?\;?^ڶ2i\\"ہK֌%Yzl]\x,S\\\+W60Ua/\Fck\\"\V-\š\)GBklUv,>\aԣ5\DQ}\\W\\mJěo_ar[aG2X}\'\\> F>wN3\!<\ZV7\\\0\k@\-,)!\?M2,ܨKB\@W	2Xnr]__\P\ϙ8\n\IhxE\'\'R=\Oq, k\\r޻N!D+xt\\\y\vl\\-\>\\0\ݙ\\,ȠsXF\\\Aq:~6\jP&\cρ\lQlU+`wy\KVZ=\ҴCL\i\,d>m\ɏ\f\s۪w\[M-{&\Sۭm\\vcC\u\o<6C\j\\"Ѝ\\MO_R\\=~_\nδ\\{\\L\l\v?Q+G\\|\WzeO\n0\̖k\ˇ\̄/u\_=\\3ݗn\\rM\M%ۖ$l1c\!|g}\\Z\(MP\\&\y:\a\|f\\\\=䳤#\0\Y\r\O\\cw\\(:\\\m7]\iwtptv66\Q\l\DT<YHG}9 ;UpxBt\\\\"I_\9#OD\wc\\Rgd`\Q:\J\\\.\;\:ԩM\g\'ra(Q\fJƱI;[ŵ[oCkY\{\!Ua\"p2loX#	\nife\\rɬ\;\\dzc)I4ÿOҩ\Y\AY\..V\0)Y #_]/\d\\\hӬ\`R\0r;\\>Ȁ\\/X=\r7\v\s\"Vwv\-o\jm\`5@5\E\.\\\{\\U9&\\X\2\),bJs\\)\\r!U\o_\3\\v\u\\"]w\7#\ّ\	D!\tr\\Z-\RX\Zp\\u{K\*jn\G\}ﻱ`eXp,TUc9\|*t\։\qG\oMjRă\\\Z\SPt\3r\\6_}|\z,EȺ,֥]g\\g:]^f]\~\ZyPЩ̄uh\'*%	\(o݄-67܇`_؟\\ЧôFO7Ep\gB/i4cpuTla֭d\L\\mήxJ?L\\"\a$Y\\3\\rrj&j/\?*YGc\;\\c\K\<t\(\\C{\'\,\?Vu\<F\V\C1\\\Xjw)3y\1z>/l)M\T!Dة:\\F	/{3my&\_f\pm\D\0;o#	\l`#*\np\Gw\=W&&`	~2\$\gT06>\w+\Rm\-qu.+*Y\H\/\/\#m\~c\ۄXr\G\ܶo\\\\\ZM_\\\\'j-V\"L\\\h\L\nMq$kMO%X\\M\OSz;ȜKZ|\G\E43rePJ?Tf\D&\b˧S\2\v<Gy\n1)\NX5x\2\\L\:\Џ\L#\pB$?\\@>QZ)\n\Z1\\W\\ҩ\Ie \5MRs*w}IBkL\\N\*\L\ߒ\\ʡmIh\doNO@<m_}[fF\i_\Xk:@cST	.\|dJ@\\\tQˆkͯ\s	oBF^&\)<{	 VS\OKѿfJn>\\:\\rqv١#E\ Фo\f;^\ \g}\Z\"g\݋R&>x\B\\3\FA\0\OK^g\\\Z\\\\RTCZ\\Uik\'\W^!\0OH>z.$@畩\0=Y2[`\I\\\\|P^wH\VT~J݇\@e\!\GRwx\ڜ\L4\EZࠢE5.\	s5۰img$_	dUGN6HDB\ā)C<f]}\\\\n}\ZBEp\u/3W|9|E-\\l\JBἬ\0d\Ě\\n\0\8\oXE\\;λ\s֠>ѱ\2m\[YT;ܴ{;+H\o\+)\՟\1\\aKL0q\#\)q\\Z9\) I\'\L7ʱ٠P\,.)#ޓՓ\F\\\B4\'\ۗ6\"<[Dp\LzU+~!\B4MZ3vն|\Zo_Uo\\\zV\f{n\7Ux#G5E$.]\kg/.\	@\i\Z`wWt\\r\*\"z*D\k%i&\\$W{cD~wm@x6\\zk9,\F3$\t\\r\f0~ Y\\_sԿ)Y\nM=\\A+]HOy/%\\w%\WMnd\A^j\zK\\r\dg\ጐf0\^\A\\\{q\}\W\\b\\}b\Zϲ@(̗ߌ:CQ	:VQx\Mg&e\z Vޜ*z_\\j\8[h͢W:\G`o\T-x;:t];,qI7h6nk{.0ڷ^}Rs\.l\o4\sy^T\d\\\n}\\PW~{&P,\\x9\-Dek\G\\D2\E\|V\o\'tav髆X^\\V\w4VV\\\MbS\\}32\CV\Zw.t\1q^G\[\*\^\K\\\q2Y2\\\?0VtbtNs!|\\42i\8e@&\\Ù23[\c\P_\\#j\P4k\$~%Eh-U\">a}\˄Ho\<h7k\"\Z}\bo \\Gm \=D`L)@s\.c8CEwDKRq\{l%G\!\\\ a%O\˴I/ؠi\V\\Zi=\G/\\'\^>6N\\hO\ \	\t/\¡\#F¥2E\Z\:>=-AOs4\Wq_Șb`\\\:|ӶN0\\\8\4\SQ\\8/\\/}w$L?%xp\\\R(G\\kϧUȩ\^\w%s>יi\g\Z:^=6\\cw쫴bP\^z_\r/7\m\1@\F[:\\>b>.G\}FL\\g\tXR\"hU\C\'\\0jt/u\"\xV\'jm\\ˇZNL3\W}\#[\r`a\ȓ\P\"Z\ja:3\Q[\'9k\\)\\@t\n;9R0>N|\\\s\'\\t\b^lc\H\\/DՓCl\xFʊ?\yoj\\\XR\m`\\\_\*4tts\\\r\u\\N5MQ(9PMg\;\\ԖY!V\\\эO\\\Tl\0.\^úGp\/A\`Y\"kxCJ\\\Ć\'\"m_~\6hz3+\C{\rh1Ϝо\;\=?\\\m\\4iWv[¼\\ۦb/l_\Z\r\*F>t\em^w\'e3\V\\9Ln\_I\^l\\\M:$Á\\oT\\c\q@\*\MW@K!mH\Ү087\\6\'\EL3\I\r?Ʊ>\/{/Dk\Є(d\å8Iޭ\\0N0}\"\HY)_\ZH1ވOZ\r!\\IY\H rrH\1\\o\j,9A\^Hw/oF(zg);ޚcDX4\\ʊ\%\ \$І/y\n\I]r:\.)\"i\\\%0a,)X6[\	PV@b}<\\.\Uj\wd\y\g\i\\N0K\Lk\s\\˲5A[\ItN\ry13԰mŠXOwV\1cS:4͙؎j\݅NFǄd\>7̣\\b\\j\\OiN\FRvGC7\x|\o]\5\\Ha\9\$ө\r[\\?s$\\A\\Na\\Rko\]\έ{w+tsRYe\\@\\-\\935MU\Aiw\Pd\ٞTQH\fY\R.\di[v\c\CS\"a?\6IBɡ\O\A\ܴbGf\Z\fGג\SYuRF1k}1\N0v\\n\s]FaX5\c\~=S!\r\KQd\l2@\j\00=^x%\[`\*&l=br\$ֺhGU[VߎMtAVT(iT\p\"VlƊ\z1\vqٗ\\Pl@hN-9xe`Ji\c\1\T	Z\{\\ԃX}_>\r4A?$\\\c\+B=G`1{u\;螢\xt%Yb\9\a6K͸z~;G4\HnM*\ti揧\(ZTjY\\'\Xm+wR`\L8\.}9XXk>|\cN٠ Ӵ/K\\n\\ɩ\\h\6M\߹7\*`4\G\~\|@|\\r`\Z7zVDvH(Π@\\\wC\q,KZ/\\fQ\ìD\^&A\un&P%\\xG\j\"\zGw\1xqQ2_\n6٣߱⣍N@\j\*\\\\;\1O\~\6IqjEf\-;խ\L\Y%g|?jj=ֺ\\O\[81V\'\\ ο=\9\ako\t\":đ\^-M$:\\˵Ta҉n\\g\'\k66lu\nK\gɩ1{8~e3<\Kd\BO.Q\`NEC*\)iJ\N\W-S\d\\vw\18˪G\~\]\r\\\}SQgG\?qz\^\uSg\Q,\pkt0\v\\7\,O\+\\S˅@en\\7u4㨻\{\u,\\'QZb/\\nOP3V[E\]\\_ۡgdT\M\d&\rq\4rEbYs~$\\C\Z\N-\\6XHD0r%|fTP{6\\$\O\s\Wy\\Aݹa\{◦1긽\OշA-\퓦>\rg\\'B\\R^\0Eq/\~Փ렬\t0\ϢU\7@;,u`]\0%Ze\16Mf[Dg\W\\r\D\\L	(dZ\z{Y5_\P.\'!\+:r5\:\a\Z\Z%a>\/\?\\K,^?\N\\˛\x56t1	WS>M岻\[R_ѐ\j\A.\p\Nc\rWG\"4YnBwIIT\\8\g#;\,dLE\\\ݴh;ؾYOp!-`\g\;?G\N?UvZ\2\\	آ\=<Kcs\X2\?iM+ϋ\g\56S$\~ˊ\nP`\\\(\-^T\]alh\rr1zmEH(S7\\(\JpHl۾\7q\K0VOIb\)cI8L\\0\z4\}\'\'\Fd\ZqC!\~\\v*.^\0\;X>hG*\G\\H\\\\Q7$C\۶\0\T{y(Vؒ\[6v\\M\r\iyG\^\L\+\/\\n\z|8}OН\,p\	#GlFs\NQe\/ea޽+Aό\Z\\K\S2\~0[\\\\;T\\a\aG:\L;\]\	(\\d/>U	ۄ=\\u\\\\i6vmUη>k[=+-\|wue˫5@\ZzK\\a±a\~o%Uo{\{	픔\ͮDf\\3\0ҙ\|\\\r\r\T#ɤ3#\P*%\V\r(I\N۩j|7`\\nuW5H\\QG\n\\e \ZywXqZ({\l(5	5ؤK_|\jv׹oʑR\o\zջ\\f\Cc\ZI5|S=|$\-$C?˺̠Yn$>?\,\]lP\\\y\'̐6DnX`\i9)OB1?C<^p\\bޛ\P5\'LX\fg4\-\\D\\⋆FvU\ow\>\~~<yλg8Z\v0\i\t\JT`@r\HZ)\0tBEZHP\Pͭ~{\6B<DrMu7\\3eVO\n\mj)rb>R\\ZXÙ	:\8\ўЙ2pY3E5ZT,\\-m\\&*,r0>@\h\r\IK`Q+\\n0a\ʊz!Eȷ9\Gq\m\`/\\X=el&\o{_rq\2\\m\"?\!\Z\r\\\^(\,y>\\=A%8@ .KU݋YQCY\"wDpTr\\xk\0kc\}p\y0&?y\V\6p]ծF巿i\\G߫f\GB\\Q0;\C=0\\8PFN\o\\-\\;9~\\p\&T6\H\\rgOcl\\\ns\h\kOlΆF\ߎN\I\;R\\ZDW;\bqrw]Xkx\UEzT\\Ԇ^?\j\n2Csc=[4︣-t\N\+\4,7z\+9:-+>j\\õ8\\4OW7zn]\\\\Wc(Ba6ڱwB\rWmǽSr{;<Kp>\\\\u\\q<O\E6>Np9Yē\\|vy68ϣ\cse/)ʓ5~IACx\#\E\ՅxJg\I\\/ihv2c9u\++\PT\\GHKJ\0$\\rJH;e\n:\\AI%fÄզC]AHu46cIѿ@O\rPIsJJ%\9؀2\d\\-\Fُbo#pk\/h++\j~\|-:8WPWd6U¾\\r7\۬\bP\Rp\\<l߸x-\O\QF1v\_0~m&\\n|\X|\"6`{ڛ$Bo\ؚ苤ɯՔA\n`\\Z9\/8<R	\\]\\$y}\\\ÔZEt	iN\ʔ75۝d\(\iWv?6y\1)\l\\"\+462\hΟ\\pCVVM(8_V.X`\&T\3F\ǋ{ca\\|k%@JhzhL4Bd4sM\WZF84Jl,[\\.&Y\V\'6d\\+曃\"\_	\~/\\\\\k*hu\\%/aSJ;\\M\\\\l\ː+\ $\=yk{4\s2yc\ʙ\sʅozJ\Z-ݔ\H޷a֖\.\(Mm~/b\7kRPL\mo\\/Qզ%\5{6D8o^N;ܥ\\j<p$	\\	ʠW\\A\s\\ͪ>#t\\MS>L\EZ\p\kmlm9\0\:\\q/\؎(\^z!\\y&Xk\\kw\Q]?<\7;\>qs\wSSy\F$?n~ ѫF#jj`|?u`\AQ\F~i2$Pk)ʌ\C/\#YSi<t=\++\2M\Kr,Q\)T\\ߚ-Ϲ ۮ\92V\66x*Y.đ8\57zeZ+频)>=\c:g׷\{\>msS$\ή}gee\6h`+THć+Ys\7&pk\v+\\0\T\\|\\rE\"<Zp3p!M3\U\˔\\'.	hy W]\\kB\6\W\{\R/6\Nk=~B\Z\\S\\BL+Mo/ƹ/Y\Sbeh,Ee3\\n| jğ\0Ä{\6JÆC\?\Ƙ\zS)2H\GH4{)\\\o\TF\04+J\N\\1h4`ɨe9v\D]hY.1\gsUV\\%\>E\lаS\z>\jr\o\AǮI郦\r	8\$\n계T嫕\iDiDR)\Veޱl[\0FꏽHMޙ\[{y<\_F}/_dԤ\Z֪\gyN\ܖ٨\\\&3VD5\eҺ-\k\y\<_\l.\\u#ߍ	\3\\!g\")j3d&)\TDk\}\F\T\r\^\\_\wn¶\H\}\\J\c\Xbl\\{\n|$)t\YsI\\\\\0-<\\\\\\c{ql֦0X$\'~U?:~sIS	\\\23\>e\jGaѥņ\\\A9Ps\V7\X}\\Iz7aWW\\%\\ت::O@O&\\s\\Y@XX\$|\w4Kp$g\\\Jgg Op\0\G>\R-\7*x!\J\n\ /A4Rge9\\"JG\{w$\\_cÅ\\W e*6Q-&(\'QО܏o(\j\\04\$z\\\\+l=-\\[1i:\s:@\zfo@ \r~iF\R)\\\pV\\\\3}4NP\#h^a9\ms;\3/ob{\\KwobĚ\K7ϭ\Sh}7CPo\\h\r&\\\\M\\)f?RgѦ}]~\\\\\"\uu.1\'\gMvSGXVN5FxlͿ\\K7\\Y\nnS˛i(\1a?o!ti\#\h刅nlt!FZxpK80#\Q	a\@\D\Z\"\-qH\\'d\؍9\UQHK2\K#D0t\TS\K\bwd\r\\fK;In7V\\\|	\gҼ<n~F\H\n 4\ZjH\\8$\wO\\Y\\\\KJ\\[ǅe؁\*C`\\0;D)\n% \\މ/lrAc\ؒ0\֘ŋ\4q\}6\s\\|/97\}4\Ј:\p\Zk\\\v\\*\/?-,\# \n;Wf%\ɮ/\Ģ\;4)8\1\X\F3`_A\`\+\\\'kC,\\\1\\\7\\\O\\nϵq\SVJh[B1k-RU@\.>\\)|\"\O\\P\y\ڔN~	\U\.gC\\ l\1\\?߲{L\|\\ZƓLv<Io\\S\\"\^DW\"M^{)c\TV\~F{m_n-\qBGG>M\SH\\>	]\ѩ9mKг\\jK\ws\\\g\\\;\\Զ\rۭb -H\H   B%Ć.Z\IT\$H\r HH\\=\9\|?_\\8Fּ\\L漯y]\=23^\\]\_rif\[`\\?|~o\Z\r\\\7\\@Zݼ\.G:=T\{۾\$,5hA\\pr\\\Z\\\IL.\w*\r_?輸\=\o|\]\\\Z8J\\L\[z\(̩[\r\;\/g+	S`\+&$\\Ko\͌zv\𯺊NM0v;\\it\"\m\KY~\\n$&V54{FD\\vL{Z|1vm~#\\\\2\EIS4\nֽ8]\\_bccz\HqT\Zsqy3T{ڷڷ\lm\ny\\\Ǐ:\t\KJ]޽\\V\\KS\vQ\\\w\F\>[̤\ӦFE}\]:{nF2KNOSD\]v\\ިz[ӝ/\gq,hK\\\\į׎m~\t\s81M\\?fׯ\].j뢸3vxǱ_~;93\a+t\\+fP\\F\Zx%\þ\\\7\D\߯\H\>Q}kY؂\\\\kS\0wk\\{\\fguO#};_\5^\j\\Z\ \;\\rG\VʷŜ	V1n\\؞\'\\=ob6s0[2o7\\e\\V\\	1oSR\"f\2/\\\S\?\t&-aN!\Oz9,l\\0\\=sBӳ\G\\\H_ELio\;riFpt(Z\rQ\\n״j/ʫyq\\]B\U\KQ\\=6\+wy٣[^ւF:O-\3)\?$\]O? c\ŵ+\4\FF\pd[#C8\\ҏ,#bW醗@k\\/v(\ϕH\3\n_#y\\̦c\\O\0׋\kkA\пu(aj-\^f!}z\'g8E\nP2`ۑX|\qZ3;5>\F\3l:\\\h\w\G\\	)\^\zIZ\!OF_\\!\\r\(\\"/\Hm\\?\\\	\gI]\\ׅcb:i\5ɐ\c\ӢOF\~a\\\\m>\\3\	E81\V|JE2&vK\(G\S\8\cԼ\vŎl\s-K\^ɻ\Mٟ0<\0͛n1)u(\N\&iK\>h\&\=+~pA:w7y\@\?pE\:F<\Z\0Z=>Fi4͗\3VۿP~\\\U3\rO\\\b]׭muӗ\x^+3S\A\/4\p\\K\?r\˫\H\\\Lz>\Sj}y\\\ޓyePEj\\>or\i*dht_J\n\nT8?%t\\q\yf\_q׎1#o48Lr}s\Y:k\yf\'#_ثT\h?Q\lp\NY\\\BOD\5\-\'ٷ\9C\jO\\%\\\ҬH΂\\o\\Yd|Lar۟\3o%Ϻ\i\j\SCK>4W^DY:Qהz|*_-\c\e\\[ܪ\\{N1u\p\ͫߓt?\ܭS˽b\PfI#\zߗcT\\01Y\Mv\d{ޟ\'\֮$\'}ZS\?VMYL9\P%\\\46B\gTi\ހk*?}9E[O׌;[MiLI\\\\p4P먪\yf\F\\0Mr\\]\r\t{MI\0\Ǌ\\4ɭӤKqŎAg\\A\?]\\'\>\=ÛUHu|a\re+W}\,Qgt<saBx}\\Eb\\sj\^⪧7`X\rĠ\e\\F,-8+@LSvKs\\1\2)G\=ۿ,W\bs*߂\V\\l#Aҝ:|2\(\\\n5b\ZMy(2,\\4\k8\ŷ{|^\O\\\\y\\'#>]L%n\_#\|qFJ$jioӈh\}epoc=\,mqLO\}\\\\rwxs7Znu\d\\n$uP]$I=G%H\3`\9\(s72 1Dԅx7|\]\O\n\r\\\\ok\q\=0\Z\Drm-<!i\i);.+ʼ\*];\\v\VL2\\\r7\fW`rH\zrOGkZ@\0\	BvT\\/\JZ_\\{\.\n\H\+\'֙\q\b#/Cr\\}O5F>~U*/z!_?5\8\B\hČ\\\Ɵ\\R_Uևq\?tg\\A{Tݣ9\/\\/NE\\豥\ٳjrugز	Fa,\i\k]yuP\\g\\Z\nswz.-(֝>MHD֥_|V{\[\3q\m\sޞ\\w4ӈy8+i)\\êM\ZpnmmM\wx9C-\\\\rY\F\Xhe	e\	/eNmg\)V\*r.\m\3{rOܞ\\\P\rm\\\Bk!]+a24͆3Cz\~Ϯ\iUʛ!=\"M\?`\U\\\6~ơl\Ek\'|\\C%=\@\\n3Ǉݍ՟ \}{=\*3)/\΋\\n%#A˄ӆ\\:5670Z\z\6oi.G[>(;\ra@\V~d\HKZݠ~m\5Gz}\\\\\\\Zı3;\M]0\֢u)\\co3\dUK1/^</.)\7ɰ6\\qt;,%]gy˺ٜ@\o3\\Z\\dF\}\\\㖘7\-\M\;\o\\\*0̋ܽi-\{\\b\\T*ξ\gJ\\0QB\'ڮ\\Ԣ_E%\l\%-䢀`\-wp,@\0ؔXR\\\optu\ˑ\rqRl\i8\&Ty`v&̿A8S\:uqaO\s%B7D\!Y\h9j\=ԧ^g\\"on\\\_$_(U\tƲ\\\<5s\Pu!\@ri\ӵ~\*\`1\a\oF\<~r	Q冻#|w\y=+v\7\W\"\\;?\\]#\1/\?\Z\6\{\r\"&\1\\W\8\7\\,u\j\3\\\\+<\rM`J%Zٖ\蒼R4\\o,蓯!FR㑶V\_AY%lĖ\|$J5\,\\\62s\j\0\\:q4Dn\1c|\j=\ZM[AO\k\\"\nV\^M	eZ\\rm\r^E\5s\$ƠJh\"\vSӮ\\\LmX$oEW!)TTDn\r\̖>IWϊD\B\O)\l)Jꎆ\r\\[R\ETˆe`\1},\\LWǢ;4xKLzNi\)*\nR\k/q\\?D\6G\\w\\\n\nݝH\'e{ \\bGEqŕs\h\̅\tm\nayqf7:q\JY81@/\	t#.\&V\3݆+TSm\|4@	16	\&|\и\d\/D-\m0uZ\u|+j۳{R\/\"J\\AK\\\\0=\\CA>\'(3\\mɗ\j,~662Z6۝K\"\Lx\ZQ=n\\\נ&Sa\\A\K\%$z\ru&\\+\"BC\\\\nĽZ7)#y\c?scՀIũ*UeLAM?\	¬NMX21\om-	d\\q0=e\0\\$\cz9:\\0?lQ!B͎\%\\֡L»\B1dĻ\,3:Ǯ\aH\xFR;`\+ק>F\<\Ft}\\G\\:\r\\\~r\F\I#]z\\Dm:d\\\yޭ\\Z\!\Q\O\uAM<\u\fʻYp}%%/⁡\r\D\nDSkm\\O*\]pY\r0JRq\ͤ?\¦9\47jsR[ֱ\r\;\)\\\A\{ml[a\<\\\7x<S\{\}B- Vn\Ii9}?@^\ow^\Z٨>\Iu\ƛK\	m\:O3\'\?o^jrDlԡ	 F/\rGf{\-[lC\\\˚N\X\'\\Kb頂o\Z`\\0\g#zhr?bT\P\+Z\;N2\rV\-?m\[s9d5(iW͙n@\u4KI/4\\T\\\\PYȀɡM\0;͠<yO\~a\VFS7a\.\cHۺO+1nŝ~\2,w=\j\(́\R[\ѢwS6q!Fdf\nnkS+]z2\\0m\g~W03\\\\o~\\0\'v`\$\oVa\ނ)\w\wx\Qke(\\\Le\,ʬ\Ҋ*$\{k\iݧWWJ3Sq\{2۽[\r\\X2m\O\(*	,\xybnx_\nE]\&8BX82\I\k`tl2\L/rAŦ\\j޶\\\\'\ԭ6+Ŵ\\T%`\[H_讝@a%\"0\R/ݜ_Ē\r\3ɜP\\d\\߄\\a\#\u	l\\t\\x\\L1(N\\0uAu,R(ů\Ew6\$h\\N\rkF\Zm\1\懭[E4_`d\T-[%^w{GMQ\PUw4\`\V*i\B\jO\'\J\\!e+\c4a\j_=|RiwƛXU\L+\I&\\rs\\\n\@\\W]I1\"!Gae\IȝT\3\\ô\u{J\Z\-tp\0\h-G	{!{*<\\\Є1\/[`\nRp(\/\\pV\0h\duh]\\/KfwV.\(9s\<ץl4\0FM4D\b\0Za/)CJ,\J-G\KǿY\%<D\\٣9h~)Q\icm``2\\	Hq*t\"\;\+Bϣg\0\"kJ85;?\?dB\n\-\Xv\F<+$97|v=@r\r:\\\Zy!0ogl͎:p\\\\8s\	l!c\,Z\\#\a+-JK]\@Yfd2@iځD\7&ދ7!o*9\\gzNKj\\ի\U\\\.\:wKQIڸWЩf4Բ\G=(+|GU+\s\?\\u}{1|j\40E7t\'m;5&u.8VM\\tۢ\\"sU\So&XW=\Rk|Đ#\' #f\Z\wܪZ#Ղ\հi\zc\Z1:tlno<5{IjzU\\tfǛj2\O\Y\\'=\@@t)0Ih_\v\7>_\06Ƀ\\Zyk\wշ\\dd=0%U2\\ؘX9\"9?hY\0+nj?M88ݑu\@\eE9fvJH\Xn7zc\\L^.N\\륶3/QJ{\n\\n\r\A2\\Ac Wa\Q8Fㆉ\\7	\r\361k|0|̼.\_XѿYi4\\sC\nvNY7!,\P\u$O)zBb\r\<\Vt)T$)Dّ\[bl94JBۛ[0\Ւ	h]ŉO?(&\\n\hJ|FǚF/\\KnR\Z>\\\/\&5\<\<\\lgw\<jӌO$\Z%[K\\&n.FǒPA\'VYot0\g3c`b\\)\+\+ڐ=\\JF\ƳWQ\'\\A\\j\\F\f7a w\\i$)Fw#/\0܍\":l*ARc\\\\#\6s\Fh\X\r0\E9\0\]\\Q\PQ\OvH\\\	؀[Ivۘ{R\ͣS6&c&ώN4uߩ\L\Mٰ}_#1\\\;ic\s⢅n\9ҙ/Q KU\\ \MI%E8ff}_\Mc\KCvX&e6\Ꚋ\Iְ\KKIU\r)άHs?\֧T{\$\U,bH\\\\\R=N>*ݺuC2`VB&MK7\z?*\)-{\#\,\#\\:\\\XpO4-\>\E8\0BU~\\\r2v߾\\7<\\Y:#\yn\@\\0\&\C\'\n`\!ռ\\Wa\oJ#΢\a\g\C_7w\\Zc\\~m 8=\\aLpubI\\}\\\r(%Iټ\1}VX>Ua\\\\GX+WwNs(\\l3|pH\" 0\'\ꬩpͲ0\\(0QӣFӠ\[:t3X3A\}\(A\\C2gUmJՄ=%SGQ:\"s6g\\\lޚz\ZU\4\\\\{.\Zpr\\,%~ԙ8/4\Ђ\%&\=\;<op(X;>-g\VЬM΍jh \Z(\\Hظ:c%j{]I\\f43\[KRܕ\\=jώT\Tli\Z\\b\V~\\ \bY\\ɏ\xwP\6\7R\<\(\"1N\(\\-Ri\*:E\dЅ~\ه\E\j\\k<F###$\\suT\\\L,\BJLuJ\P&Q6	ʳ-\\I%O:\J7\\Ts\l9t?.\AqsB}į\ȤRLxU\2_d,M>c\P+\_\s\rJ3\\dJȨ\5X[\GG\0.\\\S\ 魉L8\	=\4:\\"j\{\hƔk]\\\u\\\ASmF\҇N/~WqL^V\̃ZQ0Z+\\#kj[\\\u\\܈N\Y\%w\\4ú3R\nL\\*f\;\\9\q\\s\iNx\\I\Z~\oӕ-m\1\ՐE\Myu	\=K%wn\R\Q\3\63O\yT\V9#\2(\T\\\WKc\\\n\\\AnV\\\\'MZ2<U7I\\\#`\\Dݥp\Î?`\q\\\wy<\y#je~	\X#IB\Cmr5\'T$fׅ\90`\OR__4\X9Jo;U\14ۍ9gVcvk\\K^\~HO\T,[,\Z\\rxc*\\:\\ P3?\n\\z!j\ZSi\\|S\e7tz4\I	>\\#\³/a3B\r!#<+9Df䯝z-f~Շ,1\\\\U|h[bYz6@T\ٶ\\\nv\GP/\F:whEP{\'6\Z\\x4\\n~M\.5TB\)\ad>H\{J\g3p\t:\\\\\N^5\0%J`Bt\q\\qO~.ОPfI\\@U\[\\%HI.,W?\\\\[/\\m~\\|l4`t+_\'e	Z{p\F({\\\	,PaIC!o_U9̐a5+j \!z1\.x=i@54w>\bťrǹe53m@\Nt\;n?\> \r\\o{{f]t[{qq~g)\\)\|M\\\;KS.\\[=}ɘ6p׳\\\ڬy8\S\E-r\y%j\Y}b4\\sZ(:ϻ3&Uc)\n\^b\A\,X&E\t*f\I\j\\gtjM*qP6b=T#+ŇX\[* \ju\0 \P\U4QR k\i3\}\Z5s\5x\M\Zo\}\r\j\\I1:\g?\\y_6p.,މ\«L9(O[\\#^JT̂;\\WQ:\\QȞ}6\}\%BdԼ3\9	\@JO\潙\\\\\@\s\iZYv\\\-M\J?\@\/G{?|nX\nJ-xp\A+\c\\0\)\\c!\(Sk\t`\0sd=\i\	%\k\\4&M\)\<ߥ\\u \6`\\T|df7M!	)Y\O\Ӯ92\R\lȃ\rb;jC4G~3	\H쪷\\\g1Mv\Za\\\\naHR\.::s7\"ks\Тq\\\0\\\g\\L:XprúB)p@Q޴9o,\=\\~\\"@,\r\\+|\\\F\ˀ6F1qFH1\\	eMcOu\\>>Ԭ{s\9o-\\>A\Qd\^b\\0mGUB\*I\\rC*GMvt-\͍y{7_w5+u\Kϙ&\{v{S(oi \\\\"\R\\q/.Pq6al\\\\@\Zfo̴\=*\\\rߥ\hzMy7H\'&BH\r\	\\0m\v:ޫQ+\?L\;eBEpVgE\\S\L\w\gˊW\jgz\\j\n\mp\"\؅%7ls\k6l\<\T~\C\a}w-t爂~?\&\0R96.V\d\k\x\1\m\t	@S\u\b\Z\VGUD\ncL\r\\\lqtiԙ\*\|,1kdң\/M\\;_\P#=:*\%Y\K\Ք+0Ҭ2\\%\\\V}3h\X\;\mY\}\\͝Y\\l¶łh\ƱM\\^A+\\+tp0\%7jw7ךyk,i\_`	P\0;\-\\Pq@\i¶\<\VhNK\r\\e^H\{-9\npq_$\\\:\3+ͣ\H\\_\7o4ㇹ<\?@EĹFqX\Y\+`\_eJ\nw\F3[LJ^l%{\!Ie>\35\݂H\fZ4\X\\\\FҲ\{\	\zfPH {2@\p\\[r\gq\\\Pqr8[\0E\z*\\\\QiLUU%\HR+k\^,	\\|nI\\,\6\\\6y;\l}\)M\ŗ4O\'Jt\0ےR\\I#\\0inTpZ\\\n$\-Grrv\Z\\&t\0\\\跬4셀\d\\nn\\=\*4$im\NhZ~\\>Ŧ*\qc\`\(\\r+.2\hoeeD?\\kr!{+\\--\A\1\\V.\f&798gQTpR0g\n@\z\C\\\e\\?$hB;\sƌX\ff\"4\rI`Q|\9\"\m2M4_m \_T5\'\\ӱdrƘGF\\&+lR+︛p\¤Np%3f/\ \GE:)Udn+՞\ߒW.8C~сc\\\T\Z&j\s[2\\o\o>\Q\Vn0u\]\\x\	շh+gǓ\[\K\\\]Ho\n{2\\|\y\M\n,nOE_Pa\\k$\\\@\b!M\>p^S\0P6\\vz쐪k5d7\nk]teaZ0aðُe\Y\\k\th~#ӝӋ\wB\0TڏQӶ+<\\\\}6\u%l| iZߋ|i3:d	h=\|8\F\.\l\$\\S*3,\%7@uQ\j*\\\\\:wѓ;\V\5\\\V\rn\,[+E\Hԁ-Cٿ	\0,\XbT^羿Q$rV\\\nC_u3J03\\\t\G\\=\fPع=9m`0ɍBF\$\\%\\0Du=pY»}\H~\\z\(\`aI@,#4Hݔ\p\P3OE\S!ck\ی6..mV\@\;c\N?ڮ,\R[ts\(\t\1r@lq=\\҉LAI@û\3.CW|6+k7c\\S\7d\\\\:g+=\R*@Ff\WKe\oi\r;\Q6\rp\؅Sa%\\\\\\\\ŴLQO}\Hm9l9j\Z\ͦ\gZ=S\\[\2rϴ-VA-\mzI\"xL{zb\nOD\\'\"w\mỶ,\H\\E\mR]s@\UQ\jn\We:\\U&\\Gp\\/K!\ZrM\ٰ}+m\"\B1FY\\8߹#0F\I.\/7ƪ\\f!R[:J\\{ͅpYD.{\\s\6խQﬗ|j\r\\(Y6j?oV\"p\\	\02@ \!\rJ\8~OPd7	k\႘\\9`}3MFfN0Ǭ#m\F\m2=:{&l\KC`O(yç \Ȍh(\\\_۳2\U=j\p\"&ܰ-M\>*ҿ_\i\K\6:P\rѕm~\r\Gm$ \mN_\kg\Q\Y~5\c%K\۵Df\@NZ- A6(\|x\wgh)V\rM\\qj\;U\\՗5h7\0]x\z\n\,`LN\QQ\"\	%|\ݪ\\!\}?FCqՃ\0\6t)V\j2m\;:\na\{RVR\Z%k\\'\y\6\\yyn@Uڜ\0\i \\\n\W##e^b\\NG`o7G/\R8)\rR7tjh\\J\\n}\#&\Hta\VG<4K\]\'Fy}Y6\Zg\\\0\\͘\$\\]n\η\ϲl\\I\n\q\}c\"\g^7\!\\.l;c#\rA\ʂ{%\ro&6!6mV\\\K-KbJ\B\Z\$(F9#\d\H\\.\F];AuU]]<\&\pI(ӚJv\\:*\]T4+Xʡ?!\:*\oY\;B^ ן\7j1@*\n`WiT\[ZsC{\s\qFX\rOQ\I\\\@JJ\bLY4A\~P\FU/|Vu\Zz=8\&0ӶjVMw\쐫9\ˮc\"\gy2G#\\sNA\<dۅ22z\'\)9ϼd\hBB{\\\\cU%PЪ#\C\\SA\L\R1>\0F,2M`U;w0\\\ cʠX\%2+gak:s\nٗ<ti\\gX^}mVb\+KbiY,\\?`/d}^kyg\\=_%1\Z\N\B\ءyv\\;,oK~ڮJAg\\>~{f͇\\\\\\"#c\T\ě$=\СcM\dn\h\rC=Ɵ\PZ0\=r\sy|4fDo~\\A\CZ@HHxN{x	\\\m\n\\Ko\OR	_\\3V\\ӿ#\>UTԷ<R\\7]Lu\?XѦj\\n\n[\0	U\ϴ{,&x{~\ϞtUOrYFf\td\b_\DY\%_\kz\\\\rv\\ŴC\|ͯOEI\@eU\\\X\۳׶6:\V\6\ŕ\\:}\+\b\Z$eeI,-]|~vw\\&@8!\\`3~b#9\;\Xe3[^Z\繰A\98w򭉐&>N{n+e-/GiˋuxL25T-k\NRh\|Ia\{\Ge\\\jdɕ̔\\XIzj)seLZNJ\Y?Q\k7M?$[\c\\Gb\cѿB*\Ͷ\0\-\n*7\Wo\hdT]%u2Y\\'L\.!	-\\'~EjKg[ƣ\q\=yKn*P@7ȣ;U\\RMQ\t64l\\̪[\r\"\2%&\ы\YS\\|\\;\;\~E͘⍘}z\T8&h\'\ZzF:\4р\j.*yZ\l֫=\ʓ\/=\\ַ\\\\=XdW\'\{\ܖzQ\\\۸f<`LЂ\F`m;_bo\>\H\ZWN%}_\w	\"!m0\`\U]ss\\\B\\\is9uZp\\ګ\r{^$77℀\[t{ߎ\ (.Ơ1BC1\]-A\rcz_R\#|T|*6p\"\\\\F%\!\t9t(q&C՘\vτ>I4}\\j\u\\*[V*\\÷\,z48tǷYgYDzlXN2Q\Iى3	SX\\ww\}\|f$4f\nukøչRl\B`!}twug\E_\\n W\\,:w;r\m\\=\\\\g\\\\Z4\\K\\^uzvσ\{J\q	\C\\\0zY\U*ciWKM0\\\?\\·\w\\v\Z\<=Oj~+u\p7t5\Nh\&\{@Gr3k\!\({\o.^{(̥\\n\\"\M2cE R\re<,\АJ<`6>P?r>1\\dS\\\\\rz[D\\>?\i\r_H$\ىNe\\"2U*3\13\\n\U\j\ZwM\\m)76HhY\\ťR\\ip\mo@y\'\T䕉_>\\As\Y̙頻v\22)>FI͍\B\Ed~\\9f}_\\RlD\pd/\\.(k\\\nˈ\960\+\UߒM\\*\t\\Uw׵\\Љ\\|\\\r황\0\(\+_ړS\\'f.4.\\0E<\\	\Tj\(|\<	qS\Zm\_I\,mo*\\\{Y@rw\졟$2\kƠ\n7#\\h\xG6VffWg\ҫ\Q\`\$׷dmSĸnv{\\L3%J۞\;6D\r?CHFG\Du\\\xbs}\\\\RP\ǋ\@Ģ\pK\s\т\6\'y\n\2\6I\\g;s\!>)!\!K2\Z焢\x{ܴ1\&\K\\ m[0\p1k\\e\r\rIsgWk?U\:\/^>\]YO\\\\\CjdS\0)I\\JF&\a\\ԃ~+\\\o\\k>\#B\\|s$\\:9bG\Z *\\RJ\|(Ǌ\\\r[\\o*)\nB\#o񚈢~\\0\p4\\%@\\r86\\l<|>\rXsi\\Ba\gKYt*z:\ !Fs\E#dh莲\x\+ef\Zonzp@N)\ૅVɜ\?6\\'U\{\P\Z͡$g{`EfQݐ\1k%87s\\M\+\q\UA\qװ𸧈L+I!\A,0mdədk?]Mj\!D<_Z\Έ[\\pZ`քb;>h;\\%w5\Rq>\\'zS\\j\\϶H\?~(G9^-s4|\I\E,\b=:\0P\D\0!rP6\n\F\_wlHא(.aѦ\CcK{\r焫Dwۛ\<\⺪IO\n˰?\\CJL2Ԕ,\w叞%:NU\\nWh!? ?\\\nA\Mj\'axmW\jʒ@]}Fe1\u\&\vT~(\\(D\\rT\\o\\wp\T聾F^`\]\\4K\iZ>MK;\&$~v!] ̑ߥdP[\\DJZӲ\\$\Fk>.\r`6Bɜ>[ 9?~.V \O:$	!9\!\\X0\ZB]]p\\\zu\oK\+03[\"]&t2ʱrtP֖0\G̶\FAۛ96ysLwZ\UZܬ\\{r\MB{ҷ~K\OC;Pm\=]USQ{W\[GTٻ\|\\H1\6pK,5\Q\nw6M(,8\\b7\'ڃ\S\FP\F\M,slx1!\	v{\6Q\\nӏ24;~\ƍIj\Q\[+E\"o\nGV\t>\n-\\\\e&\\\\\GwB<\'poR\n^c\Ԑu\#\*fDE\"\[m[|`\Y\\$y:\\\\1Z\|\VgοL4|\Ra}\\מtV[r?\w\\LXlL϶Y n\rAx\j\Zw,BI5CӱZ`x\\\VkI\Xw|kW(<\\)EV\\У\\\lOY1S\&Z\:\<\sVS~P\ 	_(\\f\\\T\˕\\ȴM]\\\C\\~:\[(i\ڈ\^N)xՐ|\SAj\Z%\и\iȒWg\\\6X\ \\\;:{E0țN\x\\W>\n\~^E!-\zm<c\\]\nxMj[\Tr,|\+`^\\D\\ ;r`\=\$FVzzj8~K-#-jl_\\MWN\r\-{opஊT\Z\Egք	X\?^\/\\R \\n唗%##]5\y\Z\	s\\\\w\\\Eg=\\iEI9d\;!v]،\\\Eڭ܂\:t\/7n]\򄅍\\7\hZ:I䛓\\\ELȜVS<p \N^&}.\\ï\!T\\|\\[on=0\v\0\0r\\04e&EC5\\\{=sLR\L{:ۙ\lƉ7R\y\Zׂi\CA.[\\V\%i%I\T\A\URfU)3ɪK:\(n<uyU\'y?*y\`\?kw@\\3Oo\0{*+ze61;~eB\`\7ߣs\\_\Z_\\{;\e\Λ\\"P\o&n>M3/r&˽6^9\\s綥\̗7\rϓ\?\eqk\\"l\^N\JG3OdyF\Jcٰ*/bR9>=|gϡ\n Qoצ]\1~S!`\\UZ\0s\Z\һ.\g4nt\0\$\vIu\'\\0Q\%\m\֚\Z\Xs{&\0M}M7\z>&l,\06~i}3gqoC;s}(\ȰMm-\n\!\2p\WK\. \x\hs&ۈ>\\\>\V\0aOh\\rݻzN\eqYnԴ\&O\C\=y\;G\gvF\\a&i\=\̶a\q\QGiHW\0\" RB @(H	-ؑ>PUz	\BH\rIH\08\\y<\\}\\?̝{\^Z\*{KJ\́f`<m7\,!dSe>:9c\"ҫ]6Bؽo\0UPx>]:PZ\\\Bk)W		P]@r\W\L\\\\_Ki#5oi\=\sa\\zZ~s\\\o\\\\l\?M\"*\x\\(WkV`|| \UBM\0/\	W\>\EW~F\'\\+V&0n\(w!\JX\J\?\q|;\~%[.\ZLHO\\cWC\3ٿص\f\N\\1\ri\\W$\\\-\&zIr⏎-ܢ*eTD3jSd(|6\(IE\\&qE\l\1\УՁ\9.\|/|8W8Bx\O%~\.\HIl\\\\\\\НG\\0\/\-\\\t|.\J)K\Zl\\|)8rn91mxj6#\\ʳd+\mHc[}|ν`\n\~c\f)D}k-0XoA\ryy_Ɠ\n\{Z\U\\ǩ(n\~^\WL>d\a\?,\\lRv]83\ٞ?\\.uMw;\5l\yw\n\x\\ZQ\<&z5\_|+-#g\'?b\\v\ \\|Ո~Q&VV1$\Zf\B,\mݙ/\Z$L{\掇a\]v\3A\z	\\>ܷJ|\n\'JK\`\r\TEvԨű\\'D\S1\1ُ|\\\\Tt\r\\nZ\z_p\zPƆֹA\Qqb\w6Lx\ӄ#(&F`\l\\v\\&=dap\8Ȕ>\\q\|(΅}\K\sC\^\\A\i\\)x)\\h\D7tn|a3\\H|\\\'U6E\5?-Kvϒ\<\\4\"\-ٱ\ \\\ \\RNcxB1*\"E闖\'\+\x\\N8\"aRQ\0NoSZO\M*\\tgNvc̨Qu4i\x\"ai8>{7\H:Mdv5J\#\&}\\\,3qyP5 4jhB\Zr\\\"F\Y}o\\l\f=\<DN@\p>>38\K\\\'DҙZx$*b$M\\\rKUz\\W\hJj\}\{ R\މu\\M>K]vn_(\1ԽOI\8to\\vUN9\\XM%\\@0r)@Z\izxC\;ihx\.\߲`l\\\ \\s\Q\؜dQ^gq\i\s6:\r楮uC\\\\\\#*m1oCO\g%r#x{sU\o<K\i\\$Y=$ٵwk%\nIImm{-\\\\`\}~\`J\rg\Ex\ko}U߯\'A[2?E#22a}x\?l?Mwk 	\\\=\\cmx\H\\\Z>WIa^\\\*5+\Yb>t_1GJ\|5*\\O\[T9|\\X{V\\=ƐÐ&2NDM\\\b\z1vrb>\q5\{\u\ÆKP<5\\|{$x=\v\g\y\?]E\?.\?i\l\\X\JSvgIȑ\q=\\~D%\I3)nB(fJ?\o$\"*9\\\\\=\\#:RQ\Ķ{\\\n\\ᎱGOÚ]s\Bq[8\\5R\B\\UsrkA ߟ<CQXFm\b<ln\l2g\"E\jh,\ofS,G\Q`´\n}I\2E\o\\9.^u7wj\'b\?2>MޜQ\־Oc\ř[y|\\_Ő;{p\r\\\r0-c7\\\#\\\\\û\wo\\Z\A@`c6?ѓ\+\\F\"TcfC,\X-\۫P\\Zv¢\H\Fl\鍭  \Ϥ!WW+M\'¶10M貯fS+i>cnr6h\[<_j\9g\?.Z`\'\\z\>H@rcKe&yh>nC\|<E\I\\I+?=\\\\n\\'\Җ\\\;׏Hi~Z\q`^B;?R9y}.\yϜ\+\Q\{I+ʡVB#/Ru(\\|\t8M<$3O1rAM~D\rdW)O\Zjk\w\\'P\;⅌1=\8e$u֪ZaQ\.D%)nl#B(ѱ,\ȵtn\DhZ\4k\\\2HCho\+6\q#\c[\Z\uz\2޸D\#o\͆?\Z%\t\:@\\o\\u\Slk\_o\"\M:|~\V&#ݓةqt\g2$_Jy\/\t \{\wOZ_ZV60\\ZJoX$\\x&f>\P:\s5mo\\\I\{P\\\G\RΟ+0\PQRk&͹\\P|\/\bǭhA\A[2\kk!av\bhhҫ\\\\xA_Ope\\i8p\H即G\H&\K=Ӟ̈́N\NL\\\P\rY5Mj|\\mx\d\?Ē_3>RWϦ7@$\B&clF)\\0\\rA(({-cg^H\\\.ZX<\\Xe7g׬;A{J;\a/wN0`R\\̙=B dڂj\0\\^[W~4\8Ϣ \.\Ik\\:I\52^1\\suq)z\\C}`\`\s$8\$@\g\'1\\\\0iwxFͬ\~W\\w<Nζ|v`@\ZRS\悫\n22\\\T\fr\4,\+A\r\j;gt\\c\{Iq\\`MP\Z>dO~bV\)\\u\j\t\LU\u\\\E\7~:8,a=)rE.(\0*p\c(\\\\r\\\\4$V\\53Wv\ZM,\\Y%`q\@GI\c\j\4=\Uk/L\(\\h\Zy\\5\*\\\\5̤CTy豯.P}\W\~\]\\ZNX\Zm4\&)L/kl\\Z\̕I\\4Ɗ\\\{F \4L:=\\$zn\	ʈQ0{2\C#n\'\\\\\M\\\\?\nWFAaP\\\%OK\^ԥh\IBӄp)\\n\\n\3\\_XPZ)rB^V\@_O\n2MW5sw\dc7\+1J=	W]9züF+\\.\"\hš8Y\6D\\G-f\h|\q5\l%\LSɶ \Z\DA\1\\b\wQ	6XƢgn9DV\4\\7\\\**й\\3G_IDT\\rW\@K\\\\_Buo	\%:\\\\$ 0*\\-FD\9FqfS\}se\\7/宯F[T\ZOk!\:\\\\<\/\S\\,+s\n%v&\\_Mp%2\C4\)V7Pt\!t:6\k>	\%F@ے	:\\\5xOa\\OAEs6!s}\<-V~sT0H\\NWA\&\{j-oզ\;3\\=\z7܃L\\n,\b$ %I\]pv\'\\r\Z\ZH\\\f}\Tvߙ\bfY]\"[\͑\nL\_\Z~Te>2\\\\\?ڕ\\\J\[g;\r>\5\\yR-Ժ\\2V_nٽ~\b㿨z\\&c\[Ux\\]\qd\6YRZʘh\\f\5JNdY\a`W\\%@f`\J\O\\\'݆M呗s\'G\\\*\8\xNK\1G\\Z7sjzڣ\\\\! \ŽReU\x\)sp6g] ¶\Z\\\M)\r*m\\Jg}hT\	\\\\\&bL]\'\0埑2@Y(03Sԭuer\MݥR9\,99|HZqzyO\G5\T\\qrAE?`ߗ\\}\ruG:F}\\W\\\,Er\\J\U\\\]\篌}aӱ\[aԬ\#\Fxg\~ūg\\\i\\^_] Y\\\\\7qv	\\*^AtJ%\c\v(\o1\sS543aǢ\#p\\t\\\F.\r~\˭JDcy$Uaaiy̳\m:g`5\;G%5O\,\\0I\nn\\\\lJ\V\rr=Gg`3H6y8{#}\#؜\8\ʛ[\^Gg\\B\\:6JF6tɺ|Y\M\E\B	<\r8w{\0%\\_`6X\}@B\a1O<X\7\\'\"ұ-J\\ʛ7\\揦5.\g\߿u\\!\\.깩H\?q~1!4\\^_\8y\Z\')gS\\-K\*(0&\(!(\W\\g\"N\|t\r\\*\Ò_r\\\\\}\"\@̈́\\I:\'\wB3JY]\0uz]3\\93\\ /\>\\\Z;ߕn+U)8\;/}*yzp\b.\iJ\~D\\\)[\`MGϬL01@\J\H\εi\Z\Z\/R\U\f	t蘘gO_^\gyA06\\%^\\ߐ\'\-\Am{>7B94տ}z%J`w{\\=\SCφы)ػOw&\\\\\l\C\9U;E8\\\'<^=\s\.<FJ|6\\v:@\.\\\U!O\"P\\ЭQ-\SsJ\v\\5ɰIW77\|>\n(\om-a\\lW5\Lu{\[?c\sF!\\w\}k\\\&~V\'l\5\\[lƜu\m\\\9?obKD\hL]DU}m2d`\Hq\.`u7ݟ;\ltW%J\o\'j,\\zǋ\\+y\kwvm\0;\\r}0i~^i^\IOMhӼT\ĈΞ.Ր[U[uElS]<L*ߚ\\\5\\?Lh|[7x\~\m\1J>%ɀL\oA\ƿ|l;h\0WaE\Me\\\n^Y\\\D\r\e\XvFc\\mG3Ġ\\i\#\"67o\ѰvWbhJѳsG\+7	Xkq\Z紾\\\#\g{DN-^\+ \ݩ\F8S\\\\\\&T3#\\\\rbH\\\2{f;Ԉ\F\\VoDK3][n\0V\0T\\\\Km-pg\'Cc\\J%F\\OJ\KB*\\p۞\\ECQ\\F\a\\:j\ĴdtZ\Sؒn ]V8m\'3h\tm%#_\KRny\-msއKՑmieИ6mʯsnQ\'v\"f6]j_:\\\Zy\E\\NWv\\[\\\dRz(w&\)\`A\kB?0\\ZYprad\\YWP\r\'yߑҟ$9\%Gy_۾/ED\Mdi꧸8ɜ\%M<m&tUu\亱:H%Ls\rŻe1g\"璄n\?=\ȹ6b\H\\ĊqP0~W\r&}os\C\*W:,u:\\}&p\\\pqɋ!\\'YB/\\\+F|\'\º\ڪ ~`\xHR-\g\\TCI.%8P\\sj/2u\Ylo.RL˓\E͙\9\\Q7{Rb;m)\(\k\r~)\\$U\lGM\[[{fHק\ګ\B\e\\=\i\7Q{˪w\\ǭ\L\f2}n,w\\\0\y&L\ε6ϵid\[;\5\tӳ\PG\\\(Co\Ʊ\'\uU6\lMt:D\1G+K\W30\ꈖ3\fMdcG\\oyy\0\b\	\ D.\JW+0a9&/V(۟hSnI\\J\i\\~\lu&\B\'.G\wk\eF\\\n\0b\v[\-̇-i|{TQ7\\'w?\\\\wЖ\g7\\EcgU[o2?&\X\Zn͐\\N\\\\n/\\\po\ w\*Z)q\v#(Wv\2Z	\\\ajzF\^C9d\uD\\&g+\Z(EH]E|\n\AP\z%exwatZ\elG\9Uz\\rQ+r\\\\\#\\E\{\K,g݊ۧ\[nW\EQ\F{ܦ\\}ȩH\פֿ5fi\xVX\\z\\Zv\f:83\\\pg;|L^g\d\9R\\n\N\d7\nd8\\jiE\꓃Ǐmgh01\`\6Wf=\\TqV:t6r7\\ijfR+1w9\\.?E~\\2v\H\\GJBs	b\\ٸoJ\b\\\ni\v}Cl<b\rߴ\\\\Q\\b<\\\"nQ\>],b̋6\nKJD\y~\#_CC/|W\H(5k\\'6\y.6\\#\\\q\}٪A\nE\l\\01QVm\\Z\\\0b\ԡ\\Wm6G\\0\B5_R\\-\"\\<!~T\'KS\\\\\w\\se\\ěf^[*ew!Oz\td1+Q}\TnE\w̜\\U\vu\\\;\\$# \\M\\s{<Ct%Us4w,\r[\N\B>ղ\9w\\K1Ƶl\\r\X\\\R-?U#r{\+]\\\qeX\"d\`~13L(\<+|\\iTpʏ^̱h\Q\\nJ֤U\8\\i5n{\kmw\\\.+\\\!e\\ɞ\\В\3Wnn_0б)Ų7EANQ51:v\aТۛa/vc#8,\\\MtELQ гTrn_vXi\\٧\Q\w 3$\lB	ˠi\QѴ\Xm3\jV/,^a\\7\FǪ~\զu\{z?\PO\\ \\veW;<\RB\Z)7\%8\zxS&EVa-3߬[fߐSG\#F\f\\EΕ\ZKk]voo\y?~\n\s\<\t߀x\\\\^\ʜ3\\n[M\\ɶm\0z\O1R-\9\\^<l`\\\@\'4G\\\i<\?\\\\YZH	xHw\L:\\貖g%\\\'\alM3c]{ݝkĲ`>O\=UC\0+M@SL[dd4]v)kk^\6Qg\\VneQl\4\M-H=\\\w\\'\\2ʵ>oc!\bw>`OO\w*rMu\u\ՙQ\ъ%^QIw	\/\V|xV\ԭ\UFgf\\\\\WK0`_\\h\؝\C7\\\\WE\̓K\=\\0\Zό;=R\6Ɯr\rxLP\>\ʤ۠68So0t,IԂ\P\Xʔ[@]\\܅k\^7\\U韇`։&\(ܢ 2^\К\ZOmYWE\vyɞ#6-[&a\vsnE3\\󻞟CZ$WQ<\\k6\'\\|\[\\lV$g\\j\\F6y)[xj\\\\E\\ge\\r&\CQ\N;\R<\nMv-\|*ed\1}K\mΕ3\yతn\\\\\\\9\ڭ<<\\\p\\\/zlϵ\u^\!\\m])ި\\\j轼#	\Z-\vFo\ҧ?,LR\\rI\'h\|T\\S&GҮ-9\pRPྕ\\.!O\0\\ZRd\0#8aH!	&4#V!l\\\\\',km؉_Fʤ\~i5[ \D4\>8޺ú\\\0΍s\\2䣭~\0\\\$BFxF&>\D\A9\\@K\\5\\JS0% D\ζ>b)\\7\\\(/\\3Qk{_Jff$vض\JY0ojS\\U:6\\"\\nF&.GSN\B+QULXk\nb6\"[\'[Ά\D\\\(\'nU.,\^ڗ\]~\7\=$\X;LC\" Җ`L\rNRx\Bl@PU\\\Z\n\]7KnY3 M\Z&1\\\Cke6n\$[\:\,\uob\\\b\\6\\\L+d\W\A+Ω7\\\8$\;\و\\{	Y/ZSa\x\{>\rNu\Zݱ)ܩ$\\\$<7q}mq\"Pkj	C-+VԮ-z~{!}\"ˋ؟\bb\\`\"Klמ.N1\\\O7\r6\\Hj5\\" \<N\\;\qj^l\\Z}u\05\\mh\P@lXr޺BWTf|ys\H58\|\~hα`-9j@\rqZGeֺ\w\5\\'\<@\\QGZJNv.h=v\0P+;͂3&=z߅*qיH4U.@6T\G|Wlȝ/#\'>sz\db\0\n\&{+\y2¦uGj\lT\\0qW\\=\\:md\_\\bLu\nJ\N\-L\\E<STrcyb\02%\j)\رfM\\\*G\X8JƮ֎Gs4\L\\J\\UV\R&r;\"\X\Qб	\&w9%3BF`\4Ӆ\\}-X\rJj.`˙{;\?U8T\0	GaT\0T.6\֨e7\'#\zܾV%˨o\N_?][\1#\\3b\|X\ԳMz\b\GNXvV\0\\\<w\=u\h\n롴ê1k\-\\K\ؖlOyLGo)\\\'\(E\L\:;\8q:\/a\e\\KIW\<w\\\S\O\xD/CrieZb)1|I+\S \\NM qBSNq1\'W:\#!Q\wh/5eJ\$|f>нbYp2oQ#T0\\\ZA/\ٶgI\\\r9^\\'&\\:b\	\ 4=]\@\\0\#T\$\dCn$O\KM_HV\PU>Q+[XqK7\\#\r^\DB0\Z`\Rfe \t`0^zg\\nծ\1\\m\G\\\\v\\ǫ.1\nP\~\_g5\\\@uߙ\০M/\"\Z\\|؈o\M+\]\\KyF\'XC\rΩ/\\D	.V}Pw\S\+\s\\\n\_i\1..W\\~v0\!+|\|\HٛT\\ZSuex\'/=j\MQ\nh`@@\\0y\\\"\t\\\re\\ï{\Z\eҟ\\g4@|\n\\7/Ndh\874\.A\\J\\'\nb\\m\\\\"U[Ɛ=\rp\\\\	ܓdE\'S\[\\'`{\O㻵5|1\@\2w|\4G\0\*÷A\T)5֒\HkD\\J6½PwGF\,8)\n\z\\\A}$\\U<5<Q\H;\;(5\rC\q\kuN\bd\RkSGl+\u7^rp\0>\V՜H\ \\M{\IR\'[\gX\DO\Zck܉χ\K&II\\Z\ZgJ/\,u}urxQ%35xT%?`\o\j\\\eF̋lha\'X\E,\	Y~\\\T]IC(`\\\/}`ccn]\aNF\Zyl\\d\D\4\rP\\D4}\rQl%YZ\\ݘ!ӫq\Ϻ\E:NK\s<\Z\itЈR\\\r˱\&\\<\f\-Kž\r:\|:9c\>\]\\E\\\B\\;=nmmszJV_y9煄y\\XF K?:[\=$<qk\7\,]0\8\:&ME\~9\5Qq5$j(}o 6WwB\Z!.~_\\h(>\\}ŷB\[S.9\]\\\[\o[b\r\9\0eFdnf\"}Rk֊F\	B#B5\\Mdz1r\c\h`&VSp)\\'{\țf?7!V)}\'Z\i\&b\\\e\ZU\\]\\\\';\\no5\=\8\99\ޢ3\Yۤ\o:s=(\$\fź\`\HQt\\{V\BU\S-*鑙*ow\KQRj\\\vB\JN{\\D]։v<\\})\\-lP>Q\r\C\Y>>eқmlVCl\\\r\\KZNa3+\\\U\0m\ ds\{A?ACy\w\4;\0`\ob{+ώ\)hZ7\\Ww_ITu8ِ\vN%\#\d/˂y\$\~\Wo\\Vwb>2iDiO\\8ZGeʃ2z\9\\VC3:@	a,d\I\D$6\TNiG~\\8`.hI.&8N%k\S\0\\>\?\HvH}\Β+,)y\\rtSW(\4\|Ua\XFK2\\޶\Z\\}\,R[ӾlAf\]D\\\\be#ۂ\U&Mi\\RF\p@wD\\\\\\"!\U%\\o;o\9G\S\$L\E?D2O+\'Ś\::cM02\ߵWkfLn\ڰ,n\2 M<,[R\SQ֮	\b\J\H5ɞ\y;\\Y1G֪\K\n:\Qy?Z\\쵢X\dD\h6.\)\\\Ǭ\\~[O\\!\9ׂp$_WWWĲ¹}לhLB^oڶw\\\h-\\\\uh ;h\Oznra0yЉ={GP18\\dC\cWV\Ѽ)bRCt\\XĔ-(ܴefB\{\r\ƽŞ]\\0ba$\>\4W\HLL-\YlzdԌC6,h\ei^05n^\VR6\ֶ`\\mv6}\f_H]ۢ\"{ƿ,^!B\t-ѷ\\)\َh\\\e\'0|2[\\݇tn\\\nGЌ0p\\\G_\1M,_+\~jj\rwDB?J_S\lbnDPΘ\\\Zd!}\r\L\'AZфD\|\\r\\9\l\\C\,_`\\`;~\}\\8\n\ɧ/MaucbV\T/\=su\z6nԡ*V\<vR\Zu\Z׆vi;nE+\Lo\!?vs,4f2fT<ؕdKw\Cv\wtwg\Y\0%}\|\\VY``\jH$\\Z\\ЕV\n\>:v;\,Q}M\cqv\r-{2\\\r\r\-~\\dh,	9h0ƒ\:]S@AE\hٯ\\Ezm\\\\\NT\1l[2\Z`S\h\\2cDrACXe=@\-`Y\7\W\H}v\*\\\\\\w\\r%%/AMw\K\Hl\c\gpY	z3	z\fH\VW>ݰ\c{pE\3lVnؐy5j`\\`j63Z\zenv\\01|\ki:dMRX9\CD\*\Zi\\qShB\\䵋;-\\'籠:>\\F\0\9\\Ȱ\:\\T\\\\\	\0\\\ys\!G\\cƩP5Zh~M:lAv\'\"\6\"X\qb\"I%s\\pX2Jɦ\(\*G>΄?dYvsf!E֮\ \DhX)57s(dd\\ehNq1D0V}\\\R&(\"\rȩjyׂEn9	X:\^\촱#?lEMF}j4_8噑c\gأNg\5eF\0\rMVY\}ל\:#=ʐ:\\L~Z|3g}\\\M\Zg\\\Ǳ\daϰ\z YG?ju\\\\\&byμ \;\k\\\zm\\\qj\?^X\<#&f\.\\\L@j\\\	hašO\\ݡ1@r\/\\=eHОt5v$\hj\"\Ċ	2Z\纽jX\\>,SpIw7\j{Wj`MϧyKKgِ\5eM,9|\\Zb\|aÊj(٢{˕\F\\{Q\#CyH\E\Nő\\UM\U\zI\j\9\\\%\q\r^+QK\\y_S\_ߣË\\\K\֌\nZE\{w2==Yp\\ۺhɅ\\|\;b*G=8g\Q?$KXbqEW!1+n\s)\\\qM0\8X\ c\ ˅\\\\V\\?\dePc\'`\-6e{\#\r\ZSctfdy\:\\\fJw1VsI\\f\51\\InM\I/\\0\l\z>6Fl\D{ES\i\c6)\鉜\ZO%K\X\P8ٿ\\]ZP\rx\D/)[\r%~\'\z\Z?ۨi]ۏIW<\l[bYT7\3\W?D\Nm\N\\5l:\H6 \\\\gs`Z\k\\\eU2ioPg\4\\d\%],!&K5ҳZy:V\\\Z\'\\ΰ\Ko\+?P		ybcO\rL|Y\\f\qÆF=Ntҥ\\җ\\\Yb\t\.!\F\\\\b\Z(H\{\\\\b\(.<{hr2Ƒ\^\pL<,<ږ\\=Q\e5)\/{\\XysZ.\~DCe\0 0\\·vR\r\>*7{9T\\J/\0$Ϛ\-Y\SB\\2\r^ѻo\j˻W(\4\^3\\],ݓ\\=LVl<|Q\W{I(\r\D\Q#tz\ѵ\0ּ\)\M2\PΔlkQ\~7B\0\-8\ע\Z\\\G&*q07AO P01)e@őt\`>\^u7\7\S\\|\W;\x:#1d\5, T2)/4\鱽@\vj\pZr[kX}}ݾ%xF	\=9J\!\Ϊ\)<,\0\\b\22~)\\\\u\\.Q3g\v#v׼\|\EXZ{zЁX\\\:?kk=F.i\\%zT݊v*@\0Z\޵\\JW\ҳE,\\Q\\w?ԃ\\U\\\lXo`!\\\*O$5\*$`\M_hfê\݌*\\\׼\\\\L+&\rG)\Uzd\#\'\A7\&w\-ݽ\6\tJ-5OgO\B\+ޑŪ\m\KZ\*x+7\\`\n\'\U\\	\nf<0\G\\r7@+{^\P\\r\FҔr\-Ѡ&k\r2\\|\'\O\ڠ4};\㯷5%\2\r\n\f=\Ho\\r;&\)8\'bWķeb\\[\\&B_\\\r</\\\]ߗ\\d(\\\9zիKc_\\;\[dZ?Z}\B\W,\\f\\\$ᗃ\A<]Φ7\x\tO\0\\[{\[vմ\gӳt\1\;\%Ö\\t\\ݐ\Q\br\\X\\\\)\\9_\9\Hoz\_\\\Ij\W\\zJ-b{Kkk}R7fEE\s\qDc\͇\$OcІP1JsŅteIDOPv\csKiantJ\\r~\\!\\w\\[^_w\|Jΐ5k×{\w~K	\D@w\\bc2\\ \5\+\\[\0~\\%:&&95\'C\W\\zoG\\3N\6u٪_:*\\\\-R\z\\\;\'&}amgg\o@W\>\Frr2\\\\"v\\Ҧ\,t[\n2\GxB^LO.J;Eh1ݥ\9PWG&\3I\\Z\MZဆ{W\\j3?΂\\5^L\\;\Z\_\.^ϝ5,I\RϷ:Sě2Cv0\H\\)\WϣG~\9^&p4\U\Ň?Fg}?ƥ-\S\VC03(\Rh\w\"U#{\0}L;\ߕpKIY\NY,m͜-*\\\\1a\7p\钒>R\rdu&\w\~l!\:(\ \>Zпyr;\N\\\yN\\x\W̍55hͻok\\&Uw4\\G\<\\\xTբb\\B\\1\1~\\\3s57o#\\b}~Ý\\g\\\\\fmob\J}\J\r4q\\h˂>\3b?\\r*\]kt\'c[N6\5\Z\zX\cJA\Gy+]0գ03\rm\Jz\Ɵ{\s⛓t\{<!8$c\O]\' \/E\>k\2Wwt\1Xʋ\2\kѫ\\/<)g\0)iE\%\ΘR\ka5\\||A~\Ex\wƾfD\\ g\$sJ\\;\0H\7\Kۊ7\_<q球A\//;]@~V\aն\\{\\[$\r67.?+Ծ\\ׯ_\\t*',0,'abdes3455',0),(2,'ilias.rouchdi21@gmail.com',NULL,'Rochdi',_binary '',_binary '\0','2024-04-12 09:44:58.281228','2024-03-15 21:23:59.000000','ilias','$2a$10$re49u6BlEFqualsU0W62neH0pFzHHRdZG2irwOGNhu0UDMlt.x33u',NULL,NULL,NULL,0,'ilias3487',0),(3,'mohamed.elamrani@gmail.com',NULL,'Mohamed',_binary '',_binary '\0','2024-04-10 14:13:46.411764','2024-03-17 17:13:01.052687','El Amrani','$2a$10$S/pmRCsasuLe8kISg8TbFeY7UtxzWwf648qeu25jYJ3ojFk6fo1GK',NULL,NULL,NULL,0,'ElAm7070',0),(4,'ahmed.besbrahim@gmail.com',NULL,'ahmed',_binary '',_binary '\0','2024-03-19 01:30:44.795603','2024-03-18 12:16:01.063237','BENBRAHIM','$2a$10$RxcT1V2A19qz9xWHj5K/9eD.8Pe7a.oive90oA3bQd1K9JZBpBdrq',NULL,NULL,NULL,0,'BENBR4891',0),(5,'fatima.elkhattabi@gmail.com',NULL,'Fatima',_binary '\0',_binary '\0','2024-03-15 15:22:37.000000','2024-03-15 21:29:45.000000','El Khattabi','$2a$10$VbTuJ/bZzLcJBy.G53ciVu5ea3M8cMDbyVW1/LOI8tJsNIUKNHSfO',NULL,NULL,NULL,0,'ElKh3244',0);
/*!40000 ALTER TABLE `admin` ENABLE KEYS */;
UNLOCK TABLES;

--
-- Table structure for table `admin_role`
--

DROP TABLE IF EXISTS `admin_role`;
/*!40101 SET @saved_cs_client     = @@character_set_client */;
/*!50503 SET character_set_client = utf8mb4 */;
CREATE TABLE `admin_role` (
  `admin_id` int NOT NULL,
  `role_id` bigint NOT NULL,
  KEY `FKox1vbfj0x7ta1nk14np291n9k` (`role_id`),
  KEY `FKcxtbmnff43w12d3v2r8fwufaf` (`admin_id`),
  CONSTRAINT `FKcxtbmnff43w12d3v2r8fwufaf` FOREIGN KEY (`admin_id`) REFERENCES `admin` (`id`),
  CONSTRAINT `FKox1vbfj0x7ta1nk14np291n9k` FOREIGN KEY (`role_id`) REFERENCES `role` (`id`)
) ENGINE=InnoDB DEFAULT CHARSET=utf8mb4 COLLATE=utf8mb4_0900_ai_ci;
/*!40101 SET character_set_client = @saved_cs_client */;

--
-- Dumping data for table `admin_role`
--

LOCK TABLES `admin_role` WRITE;
/*!40000 ALTER TABLE `admin_role` DISABLE KEYS */;
INSERT INTO `admin_role` VALUES (1,1),(2,1),(3,2),(4,2);
/*!40000 ALTER TABLE `admin_role` ENABLE KEYS */;
UNLOCK TABLES;

--
-- Table structure for table `blacklist`
--

DROP TABLE IF EXISTS `blacklist`;
/*!40101 SET @saved_cs_client     = @@character_set_client */;
/*!50503 SET character_set_client = utf8mb4 */;
CREATE TABLE `blacklist` (
  `id` bigint NOT NULL AUTO_INCREMENT,
  `token` varchar(4000) DEFAULT NULL,
  PRIMARY KEY (`id`)
) ENGINE=InnoDB AUTO_INCREMENT=2 DEFAULT CHARSET=utf8mb4 COLLATE=utf8mb4_0900_ai_ci;
/*!40101 SET character_set_client = @saved_cs_client */;

--
-- Dumping data for table `blacklist`
--

LOCK TABLES `blacklist` WRITE;
/*!40000 ALTER TABLE `blacklist` DISABLE KEYS */;
INSERT INTO `blacklist` VALUES (1,'eyJ0eXAiOiJKV1QiLCJhbGciOiJIUzUxMiJ9.eyJzdWIiOiJ0YW5hZmFhdC5yY2EuMTZAZ21haWwuY29tIiwicHJpdmlsZWdlcyI6WyJXUklURV9QUklWSUxFR0UiXSwiZmlyc3RuYW1lIjoidGFuYWZhYXQiLCJyb2xlcyI6WyJST0xFX1NVUEVSX0FETUlOIl0sImlkIjoxLCJleHAiOjE3MTI4Mzc4MDMsImVtYWlsIjoidGFuYWZhYXQucmNhLjE2QGdtYWlsLmNvbSIsImxhc3RuYW1lIjoiQUJERVNTQU1BRCJ9.OmvhhcbV1d87GG8s2E1aOa14yf82Jtz3NRc4ji5_hwLMc7TwMdoZ8xNdVF1vei7vB6avLXYvKHP263DDwXPRjg');
/*!40000 ALTER TABLE `blacklist` ENABLE KEYS */;
UNLOCK TABLES;

--
-- Table structure for table `business`
--

DROP TABLE IF EXISTS `business`;
/*!40101 SET @saved_cs_client     = @@character_set_client */;
/*!50503 SET character_set_client = utf8mb4 */;
CREATE TABLE `business` (
  `id` int NOT NULL AUTO_INCREMENT,
  `address` varchar(255) DEFAULT NULL,
  `business_name` varchar(255) DEFAULT NULL,
  `cover_image_url` varchar(255) DEFAULT NULL,
  `created_date` datetime(6) DEFAULT NULL,
  `email` varchar(255) DEFAULT NULL,
  `facebook_link` varchar(255) DEFAULT NULL,
  `google_link` varchar(255) DEFAULT NULL,
  `instagram_link` varchar(255) DEFAULT NULL,
  `phone` varchar(255) DEFAULT NULL,
  `type_id` bigint DEFAULT NULL,
  `user_id` int DEFAULT NULL,
  PRIMARY KEY (`id`),
  KEY `FKd3ny1lcneok00x0d848b5ufhi` (`type_id`),
  KEY `FKjkjjimeu5p0gv4orhue734xni` (`user_id`),
  CONSTRAINT `FKd3ny1lcneok00x0d848b5ufhi` FOREIGN KEY (`type_id`) REFERENCES `business_type` (`id`),
  CONSTRAINT `FKjkjjimeu5p0gv4orhue734xni` FOREIGN KEY (`user_id`) REFERENCES `user` (`id`)
) ENGINE=InnoDB AUTO_INCREMENT=41 DEFAULT CHARSET=utf8mb4 COLLATE=utf8mb4_0900_ai_ci;
/*!40101 SET character_set_client = @saved_cs_client */;

--
-- Dumping data for table `business`
--

LOCK TABLES `business` WRITE;
/*!40000 ALTER TABLE `business` DISABLE KEYS */;
INSERT INTO `business` VALUES (1,'123 Rue Mohammed V, Casablanca','La Pâtisserie du Maroc','patisseriedumaroc_cover.jpg','2024-03-15 15:08:54.000000','patisseriemaroc@gmail.com','https://www.facebook.com/patisseriedumaroc','https://maps.google.com/patisseriedumaroc','https://www.instagram.com/patisseriedumaroc','+212612345678',1,1),(2,'456 Avenue Hassan II, Marrakech','Le Café de Marrakech','cafemarrakech_cover.jpg','2024-03-15 15:08:54.000000','cafemarrakech@gmail.com','https://www.facebook.com/cafemarrakech','https://maps.google.com/cafemarrakech','https://www.instagram.com/cafemarrakech','+212645678901',2,2),(3,'789 Rue Mohammed VI, Rabat','Le Restaurant du Coin','restaurantducoin_cover.jpg','2024-03-15 15:08:54.000000','restaurantducoin@gmail.com','https://www.facebook.com/restaurantducoin','https://maps.google.com/restaurantducoin','https://www.instagram.com/restaurantducoin','+212678901234',3,3),(4,'1010 Boulevard Mohamed, Fès','Glace du Soleil','glacedusoleil_cover.jpg','2024-03-15 15:08:54.000000','glacedusoleil@gmail.com','https://www.facebook.com/glacedusoleil','https://maps.google.com/glacedusoleil','https://www.instagram.com/glacedusoleil','+212609876543',4,4),(5,'555 Avenue Hassan II, Marrakech','La Pâtisserie des Roses','patisserieroses_cover.jpg','2024-03-15 15:08:54.000000','patisserieroses@gmail.com','https://www.facebook.com/patisserieroses','https://maps.google.com/patisserieroses','https://www.instagram.com/patisserieroses','+212621234567',1,5),(6,'777 Rue Mohammed V, Casablanca','Café de la Médina','cafedelamedina_cover.jpg','2024-03-15 15:08:54.000000','cafedelamedina@gmail.com','https://www.facebook.com/cafedelamedina','https://maps.google.com/cafedelamedina','https://www.instagram.com/cafedelamedina','+212654321098',2,6),(7,'888 Avenue Mohammed VI, Tanger','Restaurant de la Tour','restaurantlatour_cover.jpg','2024-03-15 15:08:54.000000','restaurantlatour@gmail.com','https://www.facebook.com/restaurantlatour','https://maps.google.com/restaurantlatour','https://www.instagram.com/restaurantlatour','+212687654321',3,7),(8,'1212 Boulevard Hassan II, Agadir','Glace de la Lune','glacedelalune_cover.jpg','2024-03-15 15:08:54.000000','glacedelalune@gmail.com','https://www.facebook.com/glacedelalune','https://maps.google.com/glacedelalune','https://www.instagram.com/glacedelalune','+212690123456',4,8),(9,'333 Avenue Mohammed V, Rabat','La Pâtisserie Orientale','patisserieorientale_cover.jpg','2024-03-15 15:08:54.000000','patisserieorientale@gmail.com','https://www.facebook.com/patisserieorientale','https://maps.google.com/patisserieorientale','https://www.instagram.com/patisserieorientale','+212601234567',1,9),(10,'444 Rue Hassan II, Tanger','Café du Soir','cafedusoir_cover.jpg','2024-03-15 15:08:54.000000','cafedusoir@gmail.com','https://www.facebook.com/cafedusoir','https://maps.google.com/cafedusoir','https://www.instagram.com/cafedusoir','+212643210987',2,10),(11,'999 Boulevard Mohammed VI, Essaouira','Restaurant de la Plage','restaurantplage_cover.jpg','2024-03-15 15:08:54.000000','restaurantplage@gmail.com','https://www.facebook.com/restaurantplage','https://maps.google.com/restaurantplage','https://www.instagram.com/restaurantplage','+212676543210',3,11),(12,'1313 Rue Mohammed V, Marrakech','Glace de l\'Oasis','glacedeloasis_cover.jpg','2024-03-15 15:08:54.000000','glacedeloasis@gmail.com','https://www.facebook.com/glacedeloasis','https://maps.google.com/glacedeloasis','https://www.instagram.com/glacedeloasis','+212609876543',4,12),(13,'7777 Avenue Hassan II, Fès','La Pâtisserie du Jardin','patisseriejardin_cover.jpg','2024-03-15 15:08:54.000000','patisseriejardin@gmail.com','https://www.facebook.com/patisseriejardin','https://maps.google.com/patisseriejardin','https://www.instagram.com/patisseriejardin','+212621345678',1,13),(14,'8888 Rue Mohammed VI, Casablanca','Café de la Place','cafedelaplace_cover.jpg','2024-03-15 15:08:54.000000','cafedelaplace@gmail.com','https://www.facebook.com/cafedelaplace','https://maps.google.com/cafedelaplace','https://www.instagram.com/cafedelaplace','+212654567890',2,14),(15,'9999 Boulevard Mohammed V, Rabat','Restaurant de la Cascade','restaurantcascade_cover.jpg','2024-03-15 15:08:54.000000','restaurantcascade@gmail.com','https://www.facebook.com/restaurantcascade','https://maps.google.com/restaurantcascade','https://www.instagram.com/restaurantcascade','+212687654321',3,15),(16,'10101 Avenue Mohammed VI, Marrakech','Glace du Sahara','glacedusahara_cover.jpg','2024-03-15 15:08:54.000000','glacedusahara@gmail.com','https://www.facebook.com/glacedusahara','https://maps.google.com/glacedusahara','https://www.instagram.com/glacedusahara','+212690123456',4,16),(17,'111 Rue Mohammed V, Agadir','La Pâtisserie des Amis','patisseriefriends_cover.jpg','2024-03-15 15:08:54.000000','patisseriefriends@gmail.com','https://www.facebook.com/patisseriefriends','https://maps.google.com/patisseriefriends','https://www.instagram.com/patisseriefriends','+212601234567',1,17),(18,'222 Avenue Hassan II, Tanger','Café du Coin','cafeducoin_cover.jpg','2024-03-15 15:08:54.000000','cafeducoin@gmail.com','https://www.facebook.com/cafeducoin','https://maps.google.com/cafeducoin','https://www.instagram.com/cafeducoin','+212643210987',2,18),(19,'333 Boulevard Mohammed VI, Essaouira','Restaurant de l\'Étoile','restaurantetoile_cover.jpg','2024-03-15 15:08:54.000000','restaurantetoile@gmail.com','https://www.facebook.com/restaurantetoile','https://maps.google.com/restaurantetoile','https://www.instagram.com/restaurantetoile','+212676543210',3,19),(20,'444 Rue Mohammed V, Marrakech','Glace de l\'Hiver','glacedelhiver_cover.jpg','2024-03-15 15:08:54.000000','glacedelhiver@gmail.com','https://www.facebook.com/glacedelhiver','https://maps.google.com/glacedelhiver','https://www.instagram.com/glacedelhiver','+212609876543',4,20);
/*!40000 ALTER TABLE `business` ENABLE KEYS */;
UNLOCK TABLES;

--
-- Table structure for table `business_category`
--

DROP TABLE IF EXISTS `business_category`;
/*!40101 SET @saved_cs_client     = @@character_set_client */;
/*!50503 SET character_set_client = utf8mb4 */;
CREATE TABLE `business_category` (
  `id` bigint NOT NULL AUTO_INCREMENT,
  `category_name` varchar(255) DEFAULT NULL,
  PRIMARY KEY (`id`)
) ENGINE=InnoDB AUTO_INCREMENT=10 DEFAULT CHARSET=utf8mb4 COLLATE=utf8mb4_0900_ai_ci;
/*!40101 SET character_set_client = @saved_cs_client */;

--
-- Dumping data for table `business_category`
--

LOCK TABLES `business_category` WRITE;
/*!40000 ALTER TABLE `business_category` DISABLE KEYS */;
INSERT INTO `business_category` VALUES (1,'Gastronomie'),(2,'Food'),(3,'Groceries'),(4,'Prêt-à-Porter'),(5,'Hôtellerie'),(6,'Divertissement'),(7,'Services'),(8,'Magasins'),(9,'Santé');
/*!40000 ALTER TABLE `business_category` ENABLE KEYS */;
UNLOCK TABLES;

--
-- Table structure for table `business_type`
--

DROP TABLE IF EXISTS `business_type`;
/*!40101 SET @saved_cs_client     = @@character_set_client */;
/*!50503 SET character_set_client = utf8mb4 */;
CREATE TABLE `business_type` (
  `id` bigint NOT NULL AUTO_INCREMENT,
  `type_name` varchar(255) DEFAULT NULL,
  `category_id` bigint DEFAULT NULL,
  PRIMARY KEY (`id`),
  KEY `FK60au3yaep8rv0ai9akdp98fov` (`category_id`),
  CONSTRAINT `FK60au3yaep8rv0ai9akdp98fov` FOREIGN KEY (`category_id`) REFERENCES `business_category` (`id`)
) ENGINE=InnoDB AUTO_INCREMENT=9 DEFAULT CHARSET=utf8mb4 COLLATE=utf8mb4_0900_ai_ci;
/*!40101 SET character_set_client = @saved_cs_client */;

--
-- Dumping data for table `business_type`
--

LOCK TABLES `business_type` WRITE;
/*!40000 ALTER TABLE `business_type` DISABLE KEYS */;
INSERT INTO `business_type` VALUES (1,'Pâtisserie',1),(2,'Café',1),(3,'Restaurant',1),(4,'Glacier',1);
/*!40000 ALTER TABLE `business_type` ENABLE KEYS */;
UNLOCK TABLES;

--
-- Table structure for table `campaigns`
--

DROP TABLE IF EXISTS `campaigns`;
/*!40101 SET @saved_cs_client     = @@character_set_client */;
/*!50503 SET character_set_client = utf8mb4 */;
CREATE TABLE `campaigns` (
  `id` bigint NOT NULL AUTO_INCREMENT,
  `business_id` int NOT NULL,
  `template_id` bigint NOT NULL,
  PRIMARY KEY (`id`),
  KEY `FKolyfguemdr6f2n66vefx1i4c9` (`business_id`),
  KEY `FKcocq7sej5nu3ui0t24sn1r5im` (`template_id`),
  CONSTRAINT `FKcocq7sej5nu3ui0t24sn1r5im` FOREIGN KEY (`template_id`) REFERENCES `templates` (`id`),
  CONSTRAINT `FKolyfguemdr6f2n66vefx1i4c9` FOREIGN KEY (`business_id`) REFERENCES `business` (`id`)
) ENGINE=InnoDB AUTO_INCREMENT=21 DEFAULT CHARSET=utf8mb4 COLLATE=utf8mb4_0900_ai_ci;
/*!40101 SET character_set_client = @saved_cs_client */;

--
-- Dumping data for table `campaigns`
--

LOCK TABLES `campaigns` WRITE;
/*!40000 ALTER TABLE `campaigns` DISABLE KEYS */;
INSERT INTO `campaigns` VALUES (1,1,1),(2,2,2),(3,3,3),(4,4,4),(5,5,1),(6,6,2),(7,7,3),(8,8,4),(9,9,1),(10,10,2),(11,11,3),(12,12,4),(13,13,1),(14,14,2),(15,15,3),(16,16,4),(17,17,1),(18,18,2),(19,19,3),(20,20,4);
/*!40000 ALTER TABLE `campaigns` ENABLE KEYS */;
UNLOCK TABLES;

--
-- Table structure for table `compagne_language`
--

DROP TABLE IF EXISTS `compagne_language`;
/*!40101 SET @saved_cs_client     = @@character_set_client */;
/*!50503 SET character_set_client = utf8mb4 */;
CREATE TABLE `compagne_language` (
  `compagne_id` bigint NOT NULL,
  `language_id` bigint NOT NULL,
  PRIMARY KEY (`compagne_id`,`language_id`),
  KEY `FK6bn5dkgkonjvs0bslyoqbfukd` (`language_id`),
  CONSTRAINT `FK6bn5dkgkonjvs0bslyoqbfukd` FOREIGN KEY (`language_id`) REFERENCES `language` (`id`),
  CONSTRAINT `FKmgqhp7ey3rwkm6guchvolt10i` FOREIGN KEY (`compagne_id`) REFERENCES `campaigns` (`id`)
) ENGINE=InnoDB DEFAULT CHARSET=utf8mb4 COLLATE=utf8mb4_0900_ai_ci;
/*!40101 SET character_set_client = @saved_cs_client */;

--
-- Dumping data for table `compagne_language`
--

LOCK TABLES `compagne_language` WRITE;
/*!40000 ALTER TABLE `compagne_language` DISABLE KEYS */;
INSERT INTO `compagne_language` VALUES (1,1),(2,1),(3,1),(4,1),(5,1),(6,1),(7,1),(8,1),(9,1),(10,1),(11,1),(12,1),(13,1),(14,1),(15,1),(16,1),(17,1),(18,1),(19,1),(20,1),(1,2),(2,2),(3,2),(4,2),(5,2),(6,2),(7,2),(8,2),(9,2),(10,2),(11,2),(12,2),(13,2),(14,2),(15,2),(16,2),(17,2),(18,2),(19,2),(20,2),(1,3),(2,3),(3,3),(4,3),(5,3),(6,3),(7,3),(8,3),(9,3),(10,3),(11,3),(12,3),(13,3),(14,3),(15,3),(16,3),(17,3),(18,3),(19,3),(20,3),(1,4),(2,4),(3,4),(4,4),(5,4),(6,4),(7,4),(8,4),(9,4),(10,4),(11,4),(12,4),(13,4),(14,4),(15,4),(16,4),(17,4),(18,4),(19,4),(20,4);
/*!40000 ALTER TABLE `compagne_language` ENABLE KEYS */;
UNLOCK TABLES;

--
-- Table structure for table `customer`
--

DROP TABLE IF EXISTS `customer`;
/*!40101 SET @saved_cs_client     = @@character_set_client */;
/*!50503 SET character_set_client = utf8mb4 */;
CREATE TABLE `customer` (
  `id` bigint NOT NULL AUTO_INCREMENT,
  `age` int NOT NULL,
  `email` varchar(255) DEFAULT NULL,
  `gender` varchar(255) DEFAULT NULL,
  `name` varchar(255) DEFAULT NULL,
  `tel` varchar(255) DEFAULT NULL,
  PRIMARY KEY (`id`)
) ENGINE=InnoDB AUTO_INCREMENT=41 DEFAULT CHARSET=utf8mb4 COLLATE=utf8mb4_0900_ai_ci;
/*!40101 SET character_set_client = @saved_cs_client */;

--
-- Dumping data for table `customer`
--

LOCK TABLES `customer` WRITE;
/*!40000 ALTER TABLE `customer` DISABLE KEYS */;
INSERT INTO `customer` VALUES (1,25,'mohammed@gmail.com','Male','Mohammed','+212600000001'),(2,30,'fatima@gmail.com','Female','Fatima','+212600000002'),(3,28,'ahmed@gmail.com','Male','Ahmed','+212600000003'),(4,32,'amina@gmail.com','Female','Amina','+212600000004'),(5,27,'youssef@gmail.com','Male','Youssef','+212600000005'),(6,35,'nadia@gmail.com','Female','Nadia','+212600000006'),(7,29,'omar@gmail.com','Male','Omar','+212600000007'),(8,31,'sara@gmail.com','Female','Sara','+212600000008'),(9,26,'ali@gmail.com','Male','Ali','+212600000009'),(10,33,'laila@gmail.com','Female','Laila','+212600000010'),(11,34,'hassan@gmail.com','Male','Hassan','+212600000011'),(12,29,'khadija@gmail.com','Female','Khadija','+212600000012'),(13,27,'yassin@gmail.com','Male','Yassin','+212600000013'),(14,32,'zahra@gmail.com','Female','Zahra','+212600000014'),(15,30,'rachid@gmail.com','Male','Rachid','+212600000015'),(16,28,'samira@gmail.com','Female','Samira','+212600000016'),(17,31,'abdellah@gmail.com','Male','Abdellah','+212600000017'),(18,33,'nawal@gmail.com','Female','Nawal','+212600000018'),(19,26,'mehdi@gmail.com','Male','Mehdi','+212600000019'),(20,35,'fatiha@gmail.com','Female','Fatiha','+212600000020'),(21,29,'mustapha@gmail.com','Male','Mustapha','+212600000021'),(22,31,'latifa@gmail.com','Female','Latifa','+212600000022'),(23,28,'hamza@gmail.com','Male','Hamza','+212600000023'),(24,30,'salma@gmail.com','Female','Salma','+212600000024'),(25,27,'karim@gmail.com','Male','Karim','+212600000025'),(26,33,'leila@gmail.com','Female','Leila','+212600000026'),(27,26,'mohammed2@gmail.com','Male','Mohammed','+212600000027'),(28,32,'khadija2@gmail.com','Female','Khadija','+212600000028'),(29,29,'hicham@gmail.com','Male','Hicham','+212600000029'),(30,34,'nadia2@gmail.com','Female','Nadia','+212600000030'),(31,28,'youssef2@gmail.com','Male','Youssef','+212600000031'),(32,35,'samira2@gmail.com','Female','Samira','+212600000032'),(33,27,'omar2@gmail.com','Male','Omar','+212600000033'),(34,30,'fatima2@gmail.com','Female','Fatima','+212600000034'),(35,31,'ahmed2@gmail.com','Male','Ahmed','+212600000035'),(36,26,'loubna@gmail.com','Female','Loubna','+212600000036'),(37,32,'abderrahim@gmail.com','Male','Abderrahim','+212600000037'),(38,29,'aicha@gmail.com','Female','Aicha','+212600000038'),(39,33,'khalid@gmail.com','Male','Khalid','+212600000039'),(40,28,'hafsa@gmail.com','Female','Hafsa','+212600000040');
/*!40000 ALTER TABLE `customer` ENABLE KEYS */;
UNLOCK TABLES;

--
-- Table structure for table `language`
--

DROP TABLE IF EXISTS `language`;
/*!40101 SET @saved_cs_client     = @@character_set_client */;
/*!50503 SET character_set_client = utf8mb4 */;
CREATE TABLE `language` (
  `id` bigint NOT NULL AUTO_INCREMENT,
  `name` varchar(255) DEFAULT NULL,
  PRIMARY KEY (`id`)
) ENGINE=InnoDB AUTO_INCREMENT=5 DEFAULT CHARSET=utf8mb4 COLLATE=utf8mb4_0900_ai_ci;
/*!40101 SET character_set_client = @saved_cs_client */;

--
-- Dumping data for table `language`
--

LOCK TABLES `language` WRITE;
/*!40000 ALTER TABLE `language` DISABLE KEYS */;
INSERT INTO `language` VALUES (1,'Arabic'),(2,'French'),(3,'English'),(4,'Spanish');
/*!40000 ALTER TABLE `language` ENABLE KEYS */;
UNLOCK TABLES;

--
-- Table structure for table `loyalty_programme`
--

DROP TABLE IF EXISTS `loyalty_programme`;
/*!40101 SET @saved_cs_client     = @@character_set_client */;
/*!50503 SET character_set_client = utf8mb4 */;
CREATE TABLE `loyalty_programme` (
  `id` bigint NOT NULL AUTO_INCREMENT,
  `age` int NOT NULL,
  `coupon_code` varchar(255) DEFAULT NULL,
  `coupon_value` double NOT NULL,
  `gender` varchar(255) DEFAULT NULL,
  `mb_price_condition` varchar(255) DEFAULT NULL,
  `mystery_box_prize` varchar(255) DEFAULT NULL,
  `nps_value` int NOT NULL,
  `compagne_id` bigint NOT NULL,
  `loyalty_programme_type_id` bigint NOT NULL,
  `compaign_id` bigint NOT NULL,
  PRIMARY KEY (`id`),
  KEY `FKqkbfsurl89wtwj9cjhuulkqjh` (`compagne_id`),
  KEY `FKjypvbe3db6sgg4nkihwr6akpe` (`loyalty_programme_type_id`),
  CONSTRAINT `FKjypvbe3db6sgg4nkihwr6akpe` FOREIGN KEY (`loyalty_programme_type_id`) REFERENCES `loyalty_programme_type` (`id`),
  CONSTRAINT `FKqkbfsurl89wtwj9cjhuulkqjh` FOREIGN KEY (`compagne_id`) REFERENCES `campaigns` (`id`)
) ENGINE=InnoDB AUTO_INCREMENT=21 DEFAULT CHARSET=utf8mb4 COLLATE=utf8mb4_0900_ai_ci;
/*!40101 SET character_set_client = @saved_cs_client */;

--
-- Dumping data for table `loyalty_programme`
--

LOCK TABLES `loyalty_programme` WRITE;
/*!40000 ALTER TABLE `loyalty_programme` DISABLE KEYS */;
INSERT INTO `loyalty_programme` VALUES (1,30,'SUMMER25',10,'Male','Purchase over $50','Gift Card',8,1,1,0),(2,25,'FALL20',15,'Female','Purchase over $40','Discount Voucher',9,2,2,0),(3,40,'WINTER30',20,'Male','Purchase over $60','Free Item',7,3,3,0),(4,35,'SPRING15',25,'Female','Purchase over $70','Exclusive Access',8,4,4,0),(5,28,'SUMMER30',30,'Male','Purchase over $55','Bonus Points',9,5,1,0),(6,32,'FALL25',35,'Female','Purchase over $45','Special Prize',7,6,2,0),(7,45,'WINTER35',40,'Male','Purchase over $65','Free Shipping',8,7,3,0),(8,27,'SPRING20',45,'Female','Purchase over $75','Discount Coupon',9,8,4,0),(9,33,'SUMMER40',50,'Male','Purchase over $60','Bonus Rewards',7,9,1,0),(10,38,'FALL30',55,'Female','Purchase over $50','Exclusive Gift',8,10,2,0);
/*!40000 ALTER TABLE `loyalty_programme` ENABLE KEYS */;
UNLOCK TABLES;

--
-- Table structure for table `loyalty_programme_type`
--

DROP TABLE IF EXISTS `loyalty_programme_type`;
/*!40101 SET @saved_cs_client     = @@character_set_client */;
/*!50503 SET character_set_client = utf8mb4 */;
CREATE TABLE `loyalty_programme_type` (
  `id` bigint NOT NULL AUTO_INCREMENT,
  `type_name` varchar(255) DEFAULT NULL,
  PRIMARY KEY (`id`)
) ENGINE=InnoDB AUTO_INCREMENT=5 DEFAULT CHARSET=utf8mb4 COLLATE=utf8mb4_0900_ai_ci;
/*!40101 SET character_set_client = @saved_cs_client */;

--
-- Dumping data for table `loyalty_programme_type`
--

LOCK TABLES `loyalty_programme_type` WRITE;
/*!40000 ALTER TABLE `loyalty_programme_type` DISABLE KEYS */;
INSERT INTO `loyalty_programme_type` VALUES (1,'Client Ambassador'),(2,'Mystery Box'),(3,'Coupon Code'),(4,'Raffle');
/*!40000 ALTER TABLE `loyalty_programme_type` ENABLE KEYS */;
UNLOCK TABLES;

--
-- Table structure for table `privilege`
--

DROP TABLE IF EXISTS `privilege`;
/*!40101 SET @saved_cs_client     = @@character_set_client */;
/*!50503 SET character_set_client = utf8mb4 */;
CREATE TABLE `privilege` (
  `id` bigint NOT NULL AUTO_INCREMENT,
  `name` varchar(255) DEFAULT NULL,
  `description` varchar(255) DEFAULT NULL,
  PRIMARY KEY (`id`)
) ENGINE=InnoDB AUTO_INCREMENT=6 DEFAULT CHARSET=utf8mb4 COLLATE=utf8mb4_0900_ai_ci;
/*!40101 SET character_set_client = @saved_cs_client */;

--
-- Dumping data for table `privilege`
--

LOCK TABLES `privilege` WRITE;
/*!40000 ALTER TABLE `privilege` DISABLE KEYS */;
INSERT INTO `privilege` VALUES (1,'READ_PRIVILEGE','grants users the ability to read or view information.'),(2,'WRITE_PRIVILEGE','grants users the ability to write or modify information.'),(4,'testprivileg','testprivilege'),(5,'testprivileg2','testprivilege2');
/*!40000 ALTER TABLE `privilege` ENABLE KEYS */;
UNLOCK TABLES;

--
-- Table structure for table `role`
--

DROP TABLE IF EXISTS `role`;
/*!40101 SET @saved_cs_client     = @@character_set_client */;
/*!50503 SET character_set_client = utf8mb4 */;
CREATE TABLE `role` (
  `id` bigint NOT NULL AUTO_INCREMENT,
  `name` varchar(255) DEFAULT NULL,
  `description` varchar(255) DEFAULT NULL,
  PRIMARY KEY (`id`)
) ENGINE=InnoDB AUTO_INCREMENT=14 DEFAULT CHARSET=utf8mb4 COLLATE=utf8mb4_0900_ai_ci;
/*!40101 SET character_set_client = @saved_cs_client */;

--
-- Dumping data for table `role`
--

LOCK TABLES `role` WRITE;
/*!40000 ALTER TABLE `role` DISABLE KEYS */;
INSERT INTO `role` VALUES (1,'ROLE_SUPER_ADMIN','Full access to all administrative features and functionalities.'),(2,'ROLE_ADMIN','Access to administrative features relevant to their assigned tasks and responsibilities.');
/*!40000 ALTER TABLE `role` ENABLE KEYS */;
UNLOCK TABLES;

--
-- Table structure for table `roles_privileges`
--

DROP TABLE IF EXISTS `roles_privileges`;
/*!40101 SET @saved_cs_client     = @@character_set_client */;
/*!50503 SET character_set_client = utf8mb4 */;
CREATE TABLE `roles_privileges` (
  `role_id` bigint NOT NULL,
  `privilege_id` bigint NOT NULL,
  KEY `FK5yjwxw2gvfyu76j3rgqwo685u` (`privilege_id`),
  KEY `FK9h2vewsqh8luhfq71xokh4who` (`role_id`),
  CONSTRAINT `FK5yjwxw2gvfyu76j3rgqwo685u` FOREIGN KEY (`privilege_id`) REFERENCES `privilege` (`id`),
  CONSTRAINT `FK9h2vewsqh8luhfq71xokh4who` FOREIGN KEY (`role_id`) REFERENCES `role` (`id`)
) ENGINE=InnoDB DEFAULT CHARSET=utf8mb4 COLLATE=utf8mb4_0900_ai_ci;
/*!40101 SET character_set_client = @saved_cs_client */;

--
-- Dumping data for table `roles_privileges`
--

LOCK TABLES `roles_privileges` WRITE;
/*!40000 ALTER TABLE `roles_privileges` DISABLE KEYS */;
INSERT INTO `roles_privileges` VALUES (2,1),(1,2);
/*!40000 ALTER TABLE `roles_privileges` ENABLE KEYS */;
UNLOCK TABLES;

--
-- Table structure for table `service_area`
--

DROP TABLE IF EXISTS `service_area`;
/*!40101 SET @saved_cs_client     = @@character_set_client */;
/*!50503 SET character_set_client = utf8mb4 */;
CREATE TABLE `service_area` (
  `id` bigint NOT NULL AUTO_INCREMENT,
  `is_private` bit(1) NOT NULL,
  `name` varchar(255) DEFAULT NULL,
  `service_category_id` bigint DEFAULT NULL,
  `user_id` int DEFAULT NULL,
  PRIMARY KEY (`id`),
  KEY `FK6q5xsijyfjki33iy2xg4kh3pr` (`service_category_id`),
  KEY `FK46tqojsyn360oafmdx5bfvhs5` (`user_id`),
  CONSTRAINT `FK46tqojsyn360oafmdx5bfvhs5` FOREIGN KEY (`user_id`) REFERENCES `user` (`id`),
  CONSTRAINT `FK6q5xsijyfjki33iy2xg4kh3pr` FOREIGN KEY (`service_category_id`) REFERENCES `service_category` (`id`)
) ENGINE=InnoDB AUTO_INCREMENT=16 DEFAULT CHARSET=utf8mb4 COLLATE=utf8mb4_0900_ai_ci;
/*!40101 SET character_set_client = @saved_cs_client */;

--
-- Dumping data for table `service_area`
--

LOCK TABLES `service_area` WRITE;
/*!40000 ALTER TABLE `service_area` DISABLE KEYS */;
INSERT INTO `service_area` VALUES (1,_binary '\0','Général',1,1),(2,_binary '\0','Agréabilité',1,1),(3,_binary '\0','Personnel',1,1),(4,_binary '\0','Service',2,1),(5,_binary '\0','Boissons',2,1),(6,_binary '\0','Additions',2,1),(7,_binary '\0','Qualité de prix',2,1),(8,_binary '\0','À table',2,1),(9,_binary '\0','Serving',2,1),(10,_binary '\0','Sourire',3,1),(11,_binary '\0','Température',3,1),(12,_binary '\0','Espace',3,1),(13,_binary '\0','Luminosité',3,1),(14,_binary '\0','Taille du restaurant',3,1),(15,_binary '\0','Général',3,1);
/*!40000 ALTER TABLE `service_area` ENABLE KEYS */;
UNLOCK TABLES;

--
-- Table structure for table `service_category`
--

DROP TABLE IF EXISTS `service_category`;
/*!40101 SET @saved_cs_client     = @@character_set_client */;
/*!50503 SET character_set_client = utf8mb4 */;
CREATE TABLE `service_category` (
  `id` bigint NOT NULL AUTO_INCREMENT,
  `description` varchar(255) DEFAULT NULL,
  `name` varchar(255) DEFAULT NULL,
  PRIMARY KEY (`id`)
) ENGINE=InnoDB AUTO_INCREMENT=4 DEFAULT CHARSET=utf8mb4 COLLATE=utf8mb4_0900_ai_ci;
/*!40101 SET character_set_client = @saved_cs_client */;

--
-- Dumping data for table `service_category`
--

LOCK TABLES `service_category` WRITE;
/*!40000 ALTER TABLE `service_category` DISABLE KEYS */;
INSERT INTO `service_category` VALUES (1,'Catégorie représentant les aspects de l\'accueil.','Accueil'),(2,'Catégorie représentant les aspects de rapidité du service.','Rapidité'),(3,'Catégorie représentant les aspects de confort dans le service.','Confort');
/*!40000 ALTER TABLE `service_category` ENABLE KEYS */;
UNLOCK TABLES;

--
-- Table structure for table `templates`
--

DROP TABLE IF EXISTS `templates`;
/*!40101 SET @saved_cs_client     = @@character_set_client */;
/*!50503 SET character_set_client = utf8mb4 */;
CREATE TABLE `templates` (
  `id` bigint NOT NULL AUTO_INCREMENT,
  `css_file_path` varchar(255) DEFAULT NULL,
  `html_file_path` varchar(255) DEFAULT NULL,
  PRIMARY KEY (`id`)
) ENGINE=InnoDB AUTO_INCREMENT=5 DEFAULT CHARSET=utf8mb4 COLLATE=utf8mb4_0900_ai_ci;
/*!40101 SET character_set_client = @saved_cs_client */;

--
-- Dumping data for table `templates`
--

LOCK TABLES `templates` WRITE;
/*!40000 ALTER TABLE `templates` DISABLE KEYS */;
INSERT INTO `templates` VALUES (1,'style1.css','template1.html'),(2,'style2.css','template2.html'),(3,'style3.css','template3.html'),(4,'style4.css','template4.html');
/*!40000 ALTER TABLE `templates` ENABLE KEYS */;
UNLOCK TABLES;

--
-- Table structure for table `user`
--

DROP TABLE IF EXISTS `user`;
/*!40101 SET @saved_cs_client     = @@character_set_client */;
/*!50503 SET character_set_client = utf8mb4 */;
CREATE TABLE `user` (
  `id` int NOT NULL AUTO_INCREMENT,
  `email` varchar(255) DEFAULT NULL,
  `expired_time_email` datetime(6) DEFAULT NULL,
  `full_name` varchar(255) NOT NULL,
  `is_active` bit(1) DEFAULT NULL,
  `is_used_token_email` bit(1) DEFAULT NULL,
  `last_login` datetime(6) DEFAULT NULL,
  `last_logout` datetime(6) DEFAULT NULL,
  `password` varchar(255) DEFAULT NULL,
  `token_email` varchar(255) DEFAULT NULL,
  `username` varchar(255) NOT NULL,
  `phone` varchar(20) DEFAULT NULL,
  `created_at` timestamp NULL DEFAULT CURRENT_TIMESTAMP,
  `first_name` varchar(255) NOT NULL,
  `last_name` varchar(255) NOT NULL,
  `imagedata` longblob,
  `avatar_url` varchar(255) DEFAULT NULL,
  `is_deactivated` tinyint(1) DEFAULT '0',
  PRIMARY KEY (`id`),
  UNIQUE KEY `UK_sb8bbouer5wak8vyiiy4pf2bx` (`username`)
) ENGINE=InnoDB AUTO_INCREMENT=42 DEFAULT CHARSET=utf8mb4 COLLATE=utf8mb4_0900_ai_ci;
/*!40101 SET character_set_client = @saved_cs_client */;

--
-- Dumping data for table `user`
--

LOCK TABLES `user` WRITE;
/*!40000 ALTER TABLE `user` DISABLE KEYS */;
INSERT INTO `user` VALUES (1,'soukaina.elamrani@gmail.com',NULL,'Soukaina El Amrani',_binary '',_binary '\0','2024-03-15 15:16:31.000000','2024-03-15 23:15:11.000000','$2a$10$Z.yYLwjb7W7m8CkU4/L9Tut5gU1Iu7eyBVQ6K6yZjBZ2XmLvpqZPG',NULL,'soukaina25','+212680697157','2023-08-11 16:43:58','Soukaina','Amrani',NULL,NULL,0),(2,'mohammed.tazi@gmail.com',NULL,'Mohammed Tazi',_binary '',_binary '\0','2024-03-15 15:16:31.000000','2024-03-15 22:05:20.000000','$2a$10$Z.yYLwjb7W7m8CkU4/L9Tut5gU1Iu7eyBVQ6K6yZjBZ2XmLvpqZPG',NULL,'mohammed26','+212691486452','2023-07-10 16:43:58','Mohammed','Tazi',NULL,NULL,0),(3,'nadia.berrada@gmail.com',NULL,'Nadia Berrada',_binary '',_binary '\0','2024-03-15 15:16:31.000000','2024-03-15 21:23:24.000000','$2a$10$Z.yYLwjb7W7m8CkU4/L9Tut5gU1Iu7eyBVQ6K6yZjBZ2XmLvpqZPG',NULL,'nadia27','+212615340793','2023-07-30 16:43:58','Nadia','Berrada',NULL,NULL,0),(4,'fatima.zouhairi@gmail.com',NULL,'Fatima Zouhairi',_binary '',_binary '\0','2024-03-15 15:16:31.000000','2024-03-15 21:23:20.000000','$2a$10$Z.yYLwjb7W7m8CkU4/L9Tut5gU1Iu7eyBVQ6K6yZjBZ2XmLvpqZPG',NULL,'fatima28','+212622446141','2024-02-12 17:43:58','Fatima','Zouhairi',NULL,NULL,0),(5,'youssef.elkadiri@gmail.com',NULL,'Youssef El Kadiri',_binary '',_binary '\0','2024-03-15 15:16:31.000000','2024-03-15 21:28:49.000000','$2a$10$Z.yYLwjb7W7m8CkU4/L9Tut5gU1Iu7eyBVQ6K6yZjBZ2XmLvpqZPG',NULL,'youssef29','+212665200693','2023-08-23 16:43:58','Youssef','Kadiri',NULL,NULL,0),(6,'sanaa.chakir@gmail.com',NULL,'Sanaa Chakir',_binary '',_binary '\0','2024-03-15 15:16:31.000000','2024-03-15 21:56:22.000000','$2a$10$Z.yYLwjb7W7m8CkU4/L9Tut5gU1Iu7eyBVQ6K6yZjBZ2XmLvpqZPG',NULL,'sanaa30','+212619269625','2023-08-27 16:43:58','Sanaa','Chakir',NULL,NULL,0),(7,'amina.bensaid@gmail.com',NULL,'Amina Bensaid',_binary '',_binary '\0','2024-03-15 15:16:31.000000','2024-03-15 21:57:44.000000','$2a$10$Z.yYLwjb7W7m8CkU4/L9Tut5gU1Iu7eyBVQ6K6yZjBZ2XmLvpqZPG',NULL,'amina31','+212607460528','2024-02-21 17:43:58','Amina','Bensaid',NULL,NULL,0),(8,'mohamed.elbouyahyaoui@gmail.com',NULL,'Mohamed El Bouyahyaoui',_binary '',_binary '\0','2024-03-15 15:16:31.000000','2024-03-15 22:41:53.000000','$2a$10$Z.yYLwjb7W7m8CkU4/L9Tut5gU1Iu7eyBVQ6K6yZjBZ2XmLvpqZPG',NULL,'mohamed32','+212645921389','2023-07-14 16:43:58','Mohamed','Bouyahyaoui',NULL,NULL,0),(9,'najwa.sidi@gmail.com',NULL,'Najwa Sidi',_binary '',_binary '\0','2024-03-15 15:16:31.000000','2024-03-15 22:18:32.000000','$2a$10$Z.yYLwjb7W7m8CkU4/L9Tut5gU1Iu7eyBVQ6K6yZjBZ2XmLvpqZPG',NULL,'najwa33','+212627368793','2024-01-15 17:43:58','Najwa','Sidi',NULL,NULL,0),(10,'younes.azami@gmail.com',NULL,'Younes Azami',_binary '',_binary '\0','2024-03-15 15:16:31.000000','2024-03-15 22:09:22.000000','$2a$10$Z.yYLwjb7W7m8CkU4/L9Tut5gU1Iu7eyBVQ6K6yZjBZ2XmLvpqZPG',NULL,'younes34','+212699079801','2023-05-25 16:43:58','Younes','Azami',NULL,NULL,0),(11,'nadia.mansouri@gmail.com',NULL,'Nadia Mansouri',_binary '',_binary '\0','2024-03-15 15:16:31.000000','2024-03-15 22:33:31.000000','$2a$10$Z.yYLwjb7W7m8CkU4/L9Tut5gU1Iu7eyBVQ6K6yZjBZ2XmLvpqZPG',NULL,'nadia35','+212613292631','2023-08-29 16:43:58','Nadia','Mansouri',NULL,NULL,0),(12,'omar.lahjouji@gmail.com',NULL,'Omar Lahjouji',_binary '',_binary '\0','2024-03-15 15:16:31.000000','2024-03-15 23:01:52.000000','$2a$10$Z.yYLwjb7W7m8CkU4/L9Tut5gU1Iu7eyBVQ6K6yZjBZ2XmLvpqZPG',NULL,'omar36','+212669223757','2023-11-24 17:43:58','Omar','Lahjouji',NULL,NULL,0),(13,'sara.bouamama@gmail.com',NULL,'Sara Bouamama',_binary '',_binary '\0','2024-03-15 15:16:31.000000','2024-03-15 22:11:04.000000','$2a$10$Z.yYLwjb7W7m8CkU4/L9Tut5gU1Iu7eyBVQ6K6yZjBZ2XmLvpqZPG',NULL,'sara37','+212662408924','2023-04-23 16:43:58','Sara','Bouamama',NULL,NULL,0),(14,'abdelkader.echcharq@gmail.com',NULL,'Abdelkader Echcharq',_binary '',_binary '\0','2024-03-15 15:16:31.000000','2024-03-15 22:32:05.000000','$2a$10$Z.yYLwjb7W7m8CkU4/L9Tut5gU1Iu7eyBVQ6K6yZjBZ2XmLvpqZPG',NULL,'abdelkader38','+212623533193','2023-08-25 16:43:58','Abdelkader','Echcharq',NULL,NULL,0),(15,'selma.zerouali@gmail.com',NULL,'Selma Zerouali',_binary '',_binary '\0','2024-03-15 15:16:31.000000','2024-03-15 22:49:34.000000','$2a$10$Z.yYLwjb7W7m8CkU4/L9Tut5gU1Iu7eyBVQ6K6yZjBZ2XmLvpqZPG',NULL,'selma39','+212698943295','2024-02-06 17:43:58','Selma','Zerouali',NULL,NULL,0),(16,'nabil.elhachimi@gmail.com',NULL,'Nabil El Hachimi',_binary '',_binary '\0','2024-03-15 15:16:31.000000','2024-03-15 23:13:51.000000','$2a$10$Z.yYLwjb7W7m8CkU4/L9Tut5gU1Iu7eyBVQ6K6yZjBZ2XmLvpqZPG',NULL,'nabil40','+212624116899','2023-05-09 16:43:58','Nabil','Hachimi',NULL,NULL,0),(17,'khadija.agoumi@gmail.com',NULL,'Khadija Agoumi',_binary '',_binary '\0','2024-03-15 15:16:31.000000','2024-03-15 22:22:54.000000','$2a$10$Z.yYLwjb7W7m8CkU4/L9Tut5gU1Iu7eyBVQ6K6yZjBZ2XmLvpqZPG',NULL,'khadija41','+212623754614','2023-04-03 16:43:58','Khadija','Agoumi',NULL,NULL,0),(18,'said.laaroussi@gmail.com',NULL,'Saïd Laaroussi',_binary '',_binary '\0','2024-03-15 15:16:31.000000','2024-03-15 22:55:18.000000','$2a$10$Z.yYLwjb7W7m8CkU4/L9Tut5gU1Iu7eyBVQ6K6yZjBZ2XmLvpqZPG',NULL,'said42','+212646422375','2024-01-03 17:43:58','Saïd','Laaroussi',NULL,NULL,0),(19,'najat.amrani@gmail.com',NULL,'Najat Amrani',_binary '',_binary '\0','2024-03-15 15:16:31.000000','2024-03-15 22:10:07.000000','$2a$10$Z.yYLwjb7W7m8CkU4/L9Tut5gU1Iu7eyBVQ6K6yZjBZ2XmLvpqZPG',NULL,'najat43','+212660848036','2024-01-26 17:43:58','Najat','Amrani',NULL,NULL,0),(20,'brahim.lahlou@gmail.com',NULL,'Brahim Lahlou',_binary '',_binary '\0','2024-03-15 15:16:31.000000','2024-03-15 22:47:02.000000','$2a$10$Z.yYLwjb7W7m8CkU4/L9Tut5gU1Iu7eyBVQ6K6yZjBZ2XmLvpqZPG',NULL,'brahim44','+212664973061','2024-02-13 17:43:58','Brahim','Lahlou',NULL,NULL,0),(21,'houda.bennani@gmail.com',NULL,'Houda Bennani',_binary '',_binary '\0','2024-03-15 15:16:31.000000','2024-03-15 22:07:07.000000','$2a$10$Z.yYLwjb7W7m8CkU4/L9Tut5gU1Iu7eyBVQ6K6yZjBZ2XmLvpqZPG',NULL,'houda45','+212642321201','2024-03-09 17:43:58','Houda','Bennani',NULL,NULL,0),(22,'omar.zaidi@gmail.com',NULL,'Omar Zaidi',_binary '',_binary '\0','2024-03-15 15:16:31.000000','2024-03-15 22:56:50.000000','$2a$10$Z.yYLwjb7W7m8CkU4/L9Tut5gU1Iu7eyBVQ6K6yZjBZ2',NULL,'omar46','+212616686823','2023-05-18 16:43:58','Omar','Zaidi',NULL,NULL,0),(23,'fatima.elamrani@gmail.com',NULL,'Fatima Zahra El Amrani',_binary '',_binary '\0','2024-03-15 15:16:31.000000','2024-03-15 23:05:07.000000','$2a$10$Z.yYLwjb7W7m8CkU4/L9Tut5gU1Iu7eyBVQ6K6yZjBZ2XmLvpqZPG',NULL,'fatima47','+212656470517','2024-02-09 17:43:58','Fatima','Amrani',NULL,NULL,0),(24,'brahim.benjelloun@gmail.com',NULL,'Brahim Benjelloun',_binary '',_binary '\0','2024-03-15 15:16:31.000000','2024-03-15 23:17:23.000000','$2a$10$Z.yYLwjb7W7m8CkU4/L9Tut5gU1Iu7eyBVQ6K6yZjBZ2XmLvpqZPG',NULL,'brahim48','+212632292120','2023-03-18 17:43:58','Brahim','Benjelloun',NULL,NULL,0),(25,'sara.elouardi@gmail.com',NULL,'Sara El Ouardi',_binary '',_binary '\0','2024-03-15 15:16:31.000000','2024-03-15 21:53:55.000000','$2a$10$Z.yYLwjb7W7m8CkU4/L9Tut5gU1Iu7eyBVQ6K6yZjBZ2XmLvpqZPG',NULL,'sara49','+212692049051','2023-07-08 16:43:58','Sara','Ouardi',NULL,NULL,0),(26,'ahmed.kabbaj@gmail.com',NULL,'Ahmed Kabbaj',_binary '',_binary '\0','2024-03-15 15:16:31.000000','2024-03-15 22:19:47.000000','$2a$10$Z.yYLwjb7W7m8CkU4/L9Tut5gU1Iu7eyBVQ6K6yZjBZ2XmLvpqZPG',NULL,'ahmed50','+212663368898','2023-09-30 16:43:58','Ahmed','Kabbaj',NULL,NULL,0),(27,'zineb.lahmidi@gmail.com',NULL,'Zineb Lahmidi',_binary '',_binary '\0','2024-03-15 15:16:31.000000','2024-03-15 22:39:28.000000','$2a$10$Z.yYLwjb7W7m8CkU4/L9Tut5gU1Iu7eyBVQ6K6yZjBZ2XmLvpqZPG',NULL,'zineb51','+212640697343','2023-12-22 17:43:58','Zineb','Lahmidi',NULL,NULL,0),(28,'karim.elfahri@gmail.com',NULL,'Karim El Fahri',_binary '',_binary '\0','2024-03-15 15:16:31.000000','2024-03-15 23:00:18.000000','$2a$10$Z.yYLwjb7W7m8CkU4/L9Tut5gU1Iu7eyBVQ6K6yZjBZ2XmLvpqZPG',NULL,'karim52','+212613380022','2023-06-08 16:43:58','Karim','Fahri',NULL,NULL,0),(29,'hajar.elhajjaji@gmail.com',NULL,'Hajar El Hajjaji',_binary '',_binary '\0','2024-03-15 15:16:31.000000','2024-03-15 21:45:27.000000','$2a$10$Z.yYLwjb7W7m8CkU4/L9Tut5gU1Iu7eyBVQ6K6yZjBZ2XmLvpqZPG',NULL,'hajar53','+212644808087','2024-01-13 17:43:58','Hajar','Hajjaji',NULL,NULL,0),(30,'mohamed.tazi@gmail.com',NULL,'Mohamed Tazi',_binary '',_binary '\0','2024-03-15 15:16:31.000000','2024-03-15 22:28:42.000000','$2a$10$Z.yYLwjb7W7m8CkU4/L9Tut5gU1Iu7eyBVQ6K6yZjBZ2XmLvpqZPG',NULL,'mohamed54','+212683900372','2023-09-01 16:43:58','Mohamed','Tazi',NULL,NULL,0),(31,'fatiha.belhaj@gmail.com',NULL,'Fatiha Belhaj',_binary '',_binary '\0','2024-03-15 15:16:31.000000','2024-03-15 21:49:25.000000','$2a$10$Z.yYLwjb7W7m8CkU4/L9Tut5gU1Iu7eyBVQ6K6yZjBZ2XmLvpqZPG',NULL,'fatiha55','+212685077601','2024-01-12 17:43:58','Fatiha','Belhaj',NULL,NULL,0),(32,'ali.belkadi@gmail.com',NULL,'Ali Belkadi',_binary '',_binary '\0','2024-03-15 15:16:31.000000','2024-03-15 22:23:19.000000','$2a$10$Z.yYLwjb7W7m8CkU4/L9Tut5gU1Iu7eyBVQ6K6yZjBZ2XmLvpqZPG',NULL,'ali56','+212673686895','2023-12-14 17:43:58','Ali','Belkadi',NULL,NULL,0),(33,'khadija.berrada@gmail.com',NULL,'Khadija Berrada',_binary '',_binary '\0','2024-03-15 15:16:31.000000','2024-03-15 23:10:42.000000','$2a$10$Z.yYLwjb7W7m8CkU4/L9Tut5gU1Iu7eyBVQ6K6yZjBZ2XmLvpqZPG',NULL,'khadija57','+212613201676','2023-06-18 16:43:58','Khadija','Berrada',NULL,NULL,0),(34,'oussama.essaadi@gmail.com',NULL,'Oussama Essaadi',_binary '',_binary '\0','2024-03-15 15:16:31.000000','2024-03-15 21:25:49.000000','$2a$10$Z.yYLwjb7W7m8CkU4/L9Tut5gU1Iu7eyBVQ6K6yZjBZ2XmLvpqZPG',NULL,'oussama58','+212644947698','2023-04-01 16:43:58','Oussama','Essaadi',NULL,NULL,0),(35,'naima.daoudi@gmail.com',NULL,'Naïma Daoudi',_binary '',_binary '\0','2024-03-15 15:16:31.000000','2024-03-15 22:19:22.000000','$2a$10$Z.yYLwjb7W7m8CkU4/L9Tut5gU1Iu7eyBVQ6K6yZjBZ2XmLvpqZPG',NULL,'naima59','+212685133465','2023-08-23 16:43:58','Naïma','Daoudi',NULL,NULL,0),(36,'omar.sabri@gmail.com',NULL,'Omar Sabri',_binary '',_binary '\0','2024-03-15 15:16:31.000000','2024-03-15 22:01:40.000000','$2a$10$Z.yYLwjb7W7m8CkU4/L9Tut5gU1Iu7eyBVQ6K6yZjBZ2XmLvpqZPG',NULL,'omar60','+212690824235','2023-04-09 16:43:58','Omar','Sabri',NULL,NULL,0),(37,'sara.elmahfoudi@gmail.com',NULL,'Sara El Mahfoudi',_binary '',_binary '\0','2024-03-15 15:16:31.000000','2024-03-15 21:52:33.000000','$2a$10$Z.yYLwjb7W7m8CkU4/L9Tut5gU1Iu7eyBVQ6K6yZjBZ2XmLvpqZPG',NULL,'sara61','+212698720785','2023-03-21 17:43:58','Sara','Mahfoudi',NULL,NULL,0),(38,'oumaima.benalla@gmail.com',NULL,'Oumaima Benalla',_binary '',_binary '\0','2024-03-15 15:16:31.000000','2024-03-15 22:00:03.000000','$2a$10$Z.yYLwjb7W7m8CkU4/L9Tut5gU1Iu7eyBVQ6K6yZjBZ2XmLvpqZPG',NULL,'oumaima62','+212621131222','2024-01-25 17:43:58','Oumaima','Benalla',NULL,NULL,0),(39,'ayoub.oudghiri@gmail.com',NULL,'Ayoub Oudghiri',_binary '',_binary '\0','2024-03-15 15:16:31.000000','2024-03-15 23:04:58.000000','$2a$10$Z.yYLwjb7W7m8CkU4/L9Tut5gU1Iu7eyBVQ6K6yZjBZ2XmLvpqZPG',NULL,'ayoub63','+212694937615','2023-06-23 16:43:58','Ayoub','Oudghiri',NULL,NULL,0),(40,'fatima.zohra.bouslamti@gmail.com',NULL,'Fatima Zohra Bouslamti',_binary '',_binary '\0','2024-03-15 15:16:31.000000','2024-03-15 22:07:01.000000','$2a$10$Z.yYLwjb7W7m8CkU4/L9Tut5gU1Iu7eyBVQ6K6yZjBZ2XmLvpqZPG',NULL,'fatima64','+212684075141','2023-12-20 17:43:58','Fatima','Bouslamti',NULL,NULL,0),(41,'aymane.lachgar@gmail.com',NULL,'Aymane Lachgar',_binary '',_binary '\0','2024-03-15 15:16:31.000000','2024-03-15 22:02:31.000000','$2a$10$Z.yYLwjb7W7m8CkU4/L9Tut5gU1Iu7eyBVQ6K6yZjBZ2XmLvpqZPG',NULL,'ayman65','+212691894426','2023-03-21 17:43:58','Aymane','Lachgar',NULL,NULL,0);
/*!40000 ALTER TABLE `user` ENABLE KEYS */;
UNLOCK TABLES;
/*!40103 SET TIME_ZONE=@OLD_TIME_ZONE */;

/*!40101 SET SQL_MODE=@OLD_SQL_MODE */;
/*!40014 SET FOREIGN_KEY_CHECKS=@OLD_FOREIGN_KEY_CHECKS */;
/*!40014 SET UNIQUE_CHECKS=@OLD_UNIQUE_CHECKS */;
/*!40101 SET CHARACTER_SET_CLIENT=@OLD_CHARACTER_SET_CLIENT */;
/*!40101 SET CHARACTER_SET_RESULTS=@OLD_CHARACTER_SET_RESULTS */;
/*!40101 SET COLLATION_CONNECTION=@OLD_COLLATION_CONNECTION */;
/*!40111 SET SQL_NOTES=@OLD_SQL_NOTES */;

-- Dump completed on 2024-04-12 12:02:16
